29,29,29,29,29,29,29,29,29,29,29,29,29,29,29,29,29,29,29,29,29,29,29,29,29,29,29,29,29,29,29,29,29,29,29,29,29,29,29,29,29,29,29,29,29,29,29,29,29,29,29,29,67,67,67,67,67,67,67,67,67,29,29,29,29,29,29,29,29,29,67,67,67,67,67,67,67,29,29,29,67,67,67,29,67,29,39,29,29,29,29,29,29,29,67,67,67,67,67,67,67,67,67,67,67,29,29,29,29,29,29,29,29,29,29,29,67,67,67,67,29,29,29,29,29,29,29,29,29,29,29,67,67,67,67,67,29,29,29,29,29,29,29,29,29,29,29,29,29,29,29,29,29,29,29,29,29,29,29,29,29,29,29,123,123,29,29,29
29,29,29,29,29,29,29,29,29,29,29,29,29,29,29,29,29,29,29,29,29,29,29,29,29,29,29,29,29,29,29,29,29,29,29,29,29,29,29,29,29,29,29,29,29,29,29,29,29,29,29,67,67,29,123,123,123,123,123,29,67,67,67,67,67,95,29,29,29,67,39,29,29,29,29,29,29,29,29,29,29,95,29,29,67,67,67,29,29,29,95,29,29,29,67,29,29,29,29,29,29,29,29,29,39,67,29,29,29,29,29,29,123,123,123,123,123,29,29,67,67,67,29,29,29,29,29,29,29,67,67,67,29,29,29,67,67,67,67,29,29,29,29,29,29,29,29,29,29,29,29,29,29,29,29,29,29,29,29,29,29,29,123,123,29,29,29,29
29,29,29,29,29,29,29,29,29,29,29,29,29,29,29,29,29,29,29,29,29,29,29,29,29,67,67,67,67,67,29,29,29,29,29,29,29,95,29,29,29,29,29,29,29,29,29,29,29,29,29,39,29,123,123,29,29,29,29,29,29,39,29,29,67,67,67,67,67,67,29,29,29,29,29,39,29,29,29,29,29,29,29,29,29,39,67,67,67,67,67,67,67,67,39,29,29,29,29,95,29,29,29,29,29,29,29,29,29,29,29,29,123,29,123,123,123,123,29,29,29,67,67,29,95,29,29,29,29,67,29,29,29,67,67,67,67,29,67,67,29,29,29,29,29,29,29,29,29,29,29,29,29,29,29,29,29,29,29,29,29,123,123,29,29,29,29,29
29,29,29,95,29,29,29,29,29,29,123,123,123,123,123,123,29,29,29,29,29,95,29,29,67,67,29,29,29,67,67,67,29,29,29,29,29,29,29,29,29,29,29,29,95,29,29,29,29,29,29,67,123,123,29,29,29,95,29,29,29,29,29,29,29,29,29,201,225,225,225,225,225,225,225,225,225,225,225,225,225,225,225,225,225,225,225,225,225,225,225,225,225,225,225,202,29,29,29,29,29,29,29,39,29,29,29,29,29,95,29,29,29,29,29,123,123,123,29,29,29,39,67,67,29,29,29,29,29,67,67,29,29,67,29,29,67,67,29,67,123,123,123,123,123,29,29,29,29,29,29,29,29,29,29,29,29,29,29,29,123,123,29,29,29,29,29,29
29,29,29,29,29,29,29,29,67,123,123,67,67,67,67,123,123,123,123,123,29,29,29,29,67,29,29,29,29,29,29,67,67,29,29,29,29,29,29,29,29,39,29,29,29,29,29,29,29,29,67,123,123,29,29,39,29,29,29,29,33,57,57,57,57,57,57,226,264,264,264,264,264,264,264,264,264,264,264,264,264,264,264,264,264,264,264,264,264,264,264,264,264,264,264,224,225,225,225,225,225,202,29,29,29,29,29,39,29,29,29,29,29,29,29,29,29,29,29,29,29,29,29,67,67,29,29,29,29,29,67,67,67,67,29,29,29,67,67,123,123,123,123,123,123,29,29,29,29,29,29,29,29,29,29,29,29,95,29,29,123,29,29,29,29,29,29,29
29,29,29,29,29,29,67,67,67,29,29,29,29,29,67,67,67,67,29,123,123,29,29,29,67,29,95,29,29,29,29,29,67,67,67,29,29,29,29,29,29,29,29,29,29,67,29,29,29,67,123,123,29,29,29,33,57,57,57,57,58,27,45,45,45,45,46,-1073741537,288,308,264,264,264,264,264,264,264,264,264,264,264,264,264,1610613027,-1610612447,-1610612447,-1610612447,291,264,264,264,264,264,264,264,264,264,264,264,264,264,224,225,225,225,225,202,29,29,29,29,39,29,29,39,29,29,29,29,95,29,29,29,29,67,39,29,29,29,29,29,67,67,29,29,29,29,67,67,123,123,123,123,123,29,29,29,95,29,29,29,29,29,29,29,29,29,29,29,29,123,29,29,29,29,29,29,29
29,29,29,29,29,67,67,29,29,29,29,29,29,29,29,29,29,67,67,29,123,29,29,29,67,29,29,29,29,29,29,39,29,29,29,29,29,29,29,29,29,29,29,39,29,67,67,39,67,67,123,57,57,57,57,58,27,45,45,45,45,46,110,110,110,110,110,110,-1073741537,-1610612450,288,264,264,264,264,264,264,264,264,264,264,264,1610613027,-1610612446,275,275,275,-1073741534,291,264,264,264,264,264,264,264,264,264,264,264,264,264,264,264,264,264,224,225,225,225,202,29,29,29,29,29,29,29,29,29,29,29,29,29,29,67,67,29,29,29,29,67,67,29,29,29,29,67,67,123,123,123,123,29,29,29,29,29,29,29,29,29,29,29,29,29,29,29,29,29,123,29,29,29,29,29,29,29
29,29,29,29,29,67,29,29,29,29,29,95,29,67,123,123,29,29,67,67,67,29,67,67,67,29,29,29,29,29,29,29,29,29,29,29,95,29,29,29,29,29,29,29,29,29,29,33,57,57,58,27,45,45,45,45,46,110,110,110,110,110,110,1610612873,-1610612601,137,110,110,110,110,-1073741537,288,264,264,264,264,264,264,264,264,264,264,289,275,275,275,275,275,-1073741534,291,264,264,264,264,154,155,156,264,264,264,264,264,264,264,264,264,264,264,264,264,224,225,202,29,29,29,39,29,29,29,29,29,29,29,29,29,67,67,67,67,67,67,67,67,67,67,29,67,67,67,67,67,29,29,29,29,29,29,29,29,29,29,29,29,29,29,29,29,29,29,123,29,29,29,95,29,29,29
29,29,29,29,29,67,29,29,29,29,29,29,67,67,29,123,29,67,67,29,67,67,67,29,29,29,29,29,29,29,29,29,29,29,29,29,29,29,29,39,29,29,29,29,29,33,57,58,27,45,45,46,110,110,110,110,110,110,110,110,110,110,1610612873,-1610612600,264,-1073741688,137,110,110,110,110,-1073741537,288,264,264,264,264,264,264,264,264,264,289,275,275,275,275,275,275,-1073741534,291,264,264,264,176,177,178,264,264,264,264,264,264,264,264,264,264,264,264,264,264,264,224,225,202,29,29,29,29,29,39,29,29,29,29,29,29,29,29,39,29,29,29,67,67,67,67,67,67,67,67,29,29,29,29,29,29,29,29,29,67,67,67,67,67,67,67,67,67,67,29,29,29,29,29,29,29,29
29,29,29,29,29,67,67,29,29,29,67,67,67,29,29,29,123,29,67,67,67,67,29,29,29,29,29,29,29,29,29,29,29,29,29,29,29,29,29,29,29,29,33,57,57,58,27,45,46,110,110,110,110,110,110,110,110,110,110,110,110,110,135,264,264,264,-1073741689,110,110,110,110,110,-1073741538,264,264,264,264,264,264,264,264,264,289,275,275,275,275,275,275,275,-1073741535,264,264,264,176,177,178,264,264,264,264,264,264,264,264,264,264,264,264,264,264,264,264,264,224,225,225,202,29,29,29,29,29,29,29,29,29,29,29,29,29,29,29,67,39,67,67,67,29,29,29,29,29,29,29,29,29,29,67,67,67,29,29,29,29,29,29,29,29,67,67,67,29,29,29,29,29,29
29,29,29,29,29,29,29,29,29,29,67,29,67,29,29,29,123,123,123,123,123,67,67,67,29,29,29,29,29,29,29,29,95,29,29,29,29,39,29,29,33,57,58,27,45,45,46,110,110,110,110,110,110,110,110,110,110,110,110,110,110,110,-1073741687,136,264,1610612872,-1610612599,110,110,110,110,110,-1073741537,288,264,264,264,264,264,264,264,264,289,275,275,275,275,275,275,275,-1073741535,264,264,264,176,177,178,264,264,264,264,264,264,264,264,264,264,264,264,264,264,264,264,264,264,264,264,224,225,202,29,29,29,29,29,95,29,29,29,29,29,29,29,29,29,29,29,29,29,29,29,29,29,29,95,29,29,67,67,29,29,29,29,29,29,29,29,29,29,29,29,67,67,29,29,29,29,29
29,29,29,29,29,29,29,29,29,29,67,29,67,67,29,29,29,29,29,29,123,123,123,123,67,67,67,29,29,29,29,29,29,29,29,29,29,29,33,57,58,27,45,46,110,110,110,110,110,110,110,110,110,110,110,110,110,110,110,110,110,110,110,-1073741687,1610612871,-1610612599,110,110,110,110,110,110,110,-1073741537,288,264,264,264,264,1610613024,-1610612450,288,-1073741533,290,275,275,275,275,275,275,-1073741535,264,264,264,176,177,203,156,264,264,264,264,264,264,264,264,264,264,264,264,264,264,264,264,264,264,264,264,264,224,225,202,29,29,29,29,29,29,29,29,29,29,29,29,29,29,29,29,29,29,29,29,29,29,29,29,67,67,29,29,95,29,29,29,29,29,29,29,29,95,29,29,67,67,29,29,29,29
29,29,29,29,29,29,29,29,29,29,67,29,29,67,29,29,29,29,29,29,95,29,29,123,123,123,67,67,29,39,29,29,29,29,29,29,29,33,58,27,45,46,110,110,110,110,110,110,110,110,110,110,110,110,110,110,110,110,110,110,110,110,110,110,110,110,110,110,110,110,110,110,110,110,-1073741538,264,264,264,1610613024,-1610612449,110,-1073741537,288,-1073741533,290,275,275,275,275,1610613026,-1610612445,264,264,264,176,177,177,178,264,264,264,264,264,264,264,264,264,264,264,264,264,264,264,264,264,264,264,264,264,264,264,224,225,202,29,29,29,29,29,29,29,29,29,29,29,29,29,95,29,29,29,29,29,29,29,67,67,29,29,29,29,29,29,29,29,29,29,29,29,29,29,29,29,67,67,29,29,29
29,29,29,95,29,29,29,29,29,29,67,29,29,67,67,29,29,29,29,29,29,29,29,29,29,123,123,67,29,29,29,29,29,29,33,57,57,58,27,46,110,110,110,110,110,110,110,110,110,110,110,110,110,110,110,110,110,110,110,110,110,110,110,110,110,110,110,110,110,110,110,110,110,110,-1073741537,288,264,264,286,110,110,110,-1073741538,264,289,275,275,275,275,-1073741535,264,264,264,264,198,182,177,203,156,264,264,264,264,264,264,264,264,264,264,264,264,264,264,264,264,264,264,264,264,264,264,264,264,224,202,29,29,29,29,29,39,29,29,29,29,29,29,29,29,29,29,29,29,29,29,67,29,29,29,29,29,29,29,67,67,67,67,29,29,29,29,29,29,29,67,67,29,29
29,29,29,29,29,29,29,123,123,123,67,67,29,29,67,67,29,29,29,29,29,29,29,29,29,29,29,29,29,29,29,29,29,33,58,27,45,45,46,110,110,110,110,110,110,110,110,110,110,110,110,110,110,110,110,110,110,110,110,110,110,110,110,110,110,110,110,110,110,110,110,110,110,110,110,-1073741537,288,264,-1073741536,287,110,1610613023,-1610612448,264,289,275,275,275,275,-1073741535,264,264,264,264,264,176,177,177,178,264,264,264,264,264,264,264,264,264,264,264,264,264,264,264,264,264,264,264,264,264,264,264,264,264,224,225,202,29,29,29,29,29,29,29,29,29,29,29,29,29,29,29,67,67,67,67,29,29,29,29,67,67,67,67,29,29,67,67,67,29,29,29,29,29,29,67,29,29
29,29,29,29,29,123,123,123,123,123,29,67,67,29,29,67,67,29,29,29,29,29,29,29,29,29,29,29,29,29,29,29,33,58,27,46,110,110,110,110,110,110,110,110,110,110,110,110,110,110,110,110,110,110,110,110,110,1610612873,-1610612601,137,110,110,110,110,110,110,110,110,110,110,110,110,110,110,110,110,-1073741538,264,264,-1073741536,1610613022,-1610612448,1610613027,-1610612447,-1610612446,275,275,275,1610613026,-1610612445,264,264,264,264,264,198,182,177,203,156,264,264,264,264,264,264,264,264,264,264,264,264,264,264,264,264,264,264,264,264,264,264,264,264,264,264,224,202,29,29,29,29,29,67,39,39,29,29,29,29,29,67,67,29,67,67,29,29,29,67,67,29,67,67,67,67,29,29,67,67,29,29,29,29,29,67,67,29
29,29,29,29,29,123,123,123,123,123,29,95,67,67,29,29,29,123,123,29,29,29,29,29,29,29,29,29,29,29,33,57,58,27,46,110,110,110,110,110,110,110,110,110,110,110,110,110,110,110,110,110,110,110,110,110,1610612873,-1610612600,264,-1073741688,137,110,110,110,110,110,110,110,110,110,110,110,110,110,110,110,-1073741537,288,264,264,264,264,289,275,275,275,275,275,-1073741535,264,264,264,264,264,264,264,176,177,177,203,156,264,264,264,264,264,264,264,264,264,264,264,264,264,264,264,264,264,264,264,264,264,264,264,264,264,264,224,202,29,29,29,29,67,29,29,29,29,29,39,67,67,29,29,67,29,29,29,67,67,29,67,67,67,67,67,29,29,29,67,29,29,29,29,29,29,67,29
29,29,29,29,29,123,123,123,123,123,67,29,29,67,67,29,29,29,123,123,29,29,29,29,29,29,29,29,29,33,58,27,45,46,110,110,110,110,110,110,110,110,110,110,110,110,110,110,110,110,110,110,110,110,110,110,135,264,264,264,-1073741689,110,110,110,110,110,110,110,1610612873,-1610612601,137,110,110,110,110,110,110,-1073741538,264,264,264,1610613027,-1610612446,275,275,275,275,1610613026,-1610612445,264,264,1610613024,-1610612450,288,264,264,198,182,177,177,178,264,264,264,264,264,264,264,264,264,264,264,264,264,264,264,264,264,264,264,264,264,264,264,264,264,264,264,224,202,29,29,29,67,67,67,67,67,67,67,29,29,29,29,67,29,29,67,67,29,29,67,29,29,67,67,67,29,29,67,29,29,29,29,29,29,67,29
29,29,29,29,29,123,123,123,123,29,67,67,67,29,67,67,67,29,29,123,29,29,95,29,29,29,29,33,57,58,27,46,110,110,110,110,110,110,110,110,110,110,110,110,110,110,110,110,110,110,110,110,110,110,110,110,-1073741687,136,264,1610612872,-1610612599,110,110,110,110,110,110,1610612873,-1610612600,264,-1073741688,137,110,110,110,110,110,-1073741537,288,264,264,289,275,275,275,275,275,-1073741535,264,264,1610613024,-1610612449,110,-1073741537,288,264,264,198,182,177,203,156,264,264,264,264,264,264,264,264,264,264,264,264,264,264,264,264,264,264,264,264,264,264,264,264,264,264,264,224,202,29,29,29,29,29,29,29,29,29,29,29,29,29,67,29,29,67,29,29,29,67,29,29,29,29,67,67,29,67,29,29,95,29,29,29,67,67
67,67,29,29,29,29,29,29,29,29,29,29,67,67,29,29,67,67,29,123,123,29,29,29,29,29,29,30,27,45,46,110,110,110,110,110,110,110,110,110,110,110,110,110,110,110,110,110,110,110,110,110,110,110,110,110,110,-1073741687,1610612871,-1610612599,110,110,110,110,110,110,110,135,264,264,264,-1073741689,110,110,110,110,110,110,-1073741538,264,264,289,275,275,275,275,275,-1073741535,264,264,286,110,110,110,-1073741538,264,264,264,176,177,177,203,156,264,264,264,264,264,264,264,264,264,264,264,264,264,264,264,264,264,264,264,264,264,264,264,264,264,264,264,224,202,29,29,29,29,29,29,39,29,29,29,29,29,67,29,29,67,95,29,29,67,67,29,29,29,29,67,67,67,29,29,29,29,29,29,29,67
29,29,67,67,67,67,67,67,123,123,67,29,39,67,67,29,29,67,67,123,123,29,29,29,29,33,57,58,24,110,110,110,110,110,110,110,110,110,110,110,110,110,110,110,110,110,110,110,110,110,110,110,110,110,110,110,110,110,110,110,110,110,110,110,110,110,110,-1073741687,136,264,1610612872,-1610612599,110,110,0,1,2,110,-1073741537,288,264,289,275,275,275,275,275,-1073741534,291,264,-1073741536,287,110,1610613023,-1610612448,264,264,264,198,182,177,177,203,156,264,264,264,264,264,264,264,264,264,264,264,264,264,264,264,264,264,264,264,264,264,264,264,264,264,264,264,224,202,29,29,29,29,29,29,29,29,95,29,29,67,67,29,67,29,29,29,29,67,67,67,67,67,67,29,29,29,29,29,29,29,29,29,67
29,29,29,29,29,29,29,29,29,123,29,67,67,67,67,67,67,67,67,123,29,29,29,29,33,58,27,45,46,110,110,110,110,110,110,110,110,110,110,110,110,110,110,110,110,110,110,110,110,110,110,110,110,110,110,110,110,110,110,110,110,110,110,110,110,110,110,110,-1073741687,1610612871,-1610612599,110,110,0,50,27,46,110,110,-1073741538,264,-1073741533,290,275,275,275,275,275,-1073741535,264,264,-1073741536,1610613022,-1610612448,264,264,264,264,264,198,182,177,177,203,156,264,264,264,264,264,264,264,264,264,264,264,264,264,264,264,264,264,264,264,264,264,264,264,264,264,264,264,224,202,29,29,29,29,29,29,29,29,29,29,29,67,29,67,29,29,29,29,29,29,29,95,29,29,29,29,29,29,29,29,29,29,67,67
29,29,29,29,29,29,29,29,123,123,29,29,29,29,29,67,67,67,123,123,29,29,39,33,58,27,46,110,110,110,110,110,110,110,110,110,110,110,110,110,110,110,110,0,1,1,1,1,1,1,2,110,110,110,110,110,110,110,110,110,110,110,110,110,110,110,110,110,110,110,110,0,1,50,23,24,110,110,110,-1073741537,288,264,-1073741533,290,275,275,275,275,-1073741535,264,264,264,264,264,264,264,264,264,264,264,198,182,177,177,203,156,264,264,264,264,264,264,264,264,264,264,264,264,264,264,264,264,264,264,264,264,264,264,264,264,264,264,264,196,29,29,39,29,29,29,29,29,29,29,29,67,67,39,67,29,29,29,29,29,29,29,29,29,29,29,29,29,29,29,29,29,67,29
29,29,29,29,29,29,29,29,123,29,29,95,29,29,29,29,67,29,123,29,29,29,29,30,27,46,110,110,110,110,110,110,110,110,110,110,110,110,110,110,110,0,1,50,23,23,23,23,23,23,49,1,1,1,1,1,1,1,2,110,110,110,110,110,110,110,110,110,110,0,1,50,23,23,27,46,110,110,110,110,-1073741538,264,264,289,275,275,275,275,-1073741534,-1610612447,291,264,264,264,264,264,264,264,264,264,264,198,182,177,177,203,156,264,264,264,264,264,264,264,264,264,264,264,264,264,264,264,264,264,264,264,264,264,264,264,264,264,264,224,202,29,29,29,29,29,29,29,29,29,29,29,67,29,67,29,29,29,29,29,29,29,29,29,29,29,29,29,29,29,29,67,67,29
29,29,29,29,95,29,29,29,29,29,29,29,39,29,67,67,67,67,29,29,29,33,57,58,24,110,110,110,110,110,110,110,110,110,110,110,110,110,110,0,1,50,23,23,23,23,23,23,23,23,23,23,23,23,23,23,23,23,49,2,110,110,110,110,0,1,1,1,1,50,23,23,27,45,46,110,110,110,110,110,-1073741537,288,264,289,275,275,275,275,275,275,-1073741534,-1610612447,-1610612447,-1610612447,291,264,264,264,264,264,264,264,198,182,177,177,203,156,264,264,264,264,264,264,264,264,264,264,264,264,264,264,264,264,264,264,264,264,264,264,264,264,264,264,196,29,29,29,29,29,29,29,29,29,29,29,67,67,67,67,67,29,29,29,29,29,29,29,29,29,29,29,29,67,67,67,29,29
29,29,29,29,29,29,29,29,29,29,67,67,29,67,67,29,29,67,29,29,29,30,27,45,46,110,110,110,110,110,110,110,110,110,110,110,110,110,0,50,23,23,23,27,45,45,45,45,45,45,45,45,45,28,23,23,23,23,23,49,1,1,1,1,50,23,23,23,23,27,45,45,46,110,110,110,110,110,110,110,110,-1073741538,264,-1073741533,290,275,275,275,275,275,275,275,275,275,-1073741534,-1610612447,291,264,264,264,264,264,264,198,182,177,177,178,264,264,264,264,264,264,264,264,264,264,264,264,264,264,264,264,264,264,264,264,264,264,264,264,264,264,224,202,29,29,29,29,29,29,29,29,29,29,29,67,67,29,67,67,67,67,29,29,29,29,67,67,67,67,67,123,29,29,29,29
29,29,29,29,29,29,29,29,29,67,67,29,67,67,29,67,67,67,29,29,33,58,24,110,110,110,110,110,110,110,110,110,110,110,110,110,110,110,22,23,23,23,27,46,110,110,110,110,110,110,110,110,110,44,45,45,28,23,23,23,27,45,45,45,45,45,45,45,45,46,110,110,110,110,110,1610612873,-1610612601,137,110,110,110,-1073741538,264,264,289,275,275,275,275,275,275,275,275,275,275,275,-1073741535,264,264,264,264,264,264,264,198,182,177,203,156,264,264,264,264,264,264,264,264,264,264,264,264,264,264,264,264,264,264,264,264,264,264,264,264,264,264,196,29,29,29,29,29,29,29,29,29,95,29,29,67,67,29,29,29,67,67,123,67,67,67,29,29,29,29,29,29,29,29,29
29,29,29,29,29,29,29,29,29,29,67,67,67,67,67,67,29,29,29,33,58,27,46,110,110,110,110,110,110,110,110,110,110,110,110,110,110,110,22,23,23,27,46,110,110,110,110,110,110,110,110,110,110,110,110,110,44,28,23,23,24,110,110,110,110,110,110,110,110,110,110,110,110,110,1610612873,-1610612600,264,-1073741688,137,110,110,-1073741537,288,264,-1073741533,1610613025,1610613025,1610613025,1610613025,1610613025,1610613025,290,275,275,275,275,-1073741534,291,264,264,264,264,264,264,264,176,177,177,178,264,264,264,264,264,264,264,264,264,264,264,264,264,264,264,264,264,264,264,264,264,264,264,264,264,264,224,202,29,29,29,39,29,29,29,29,29,29,29,29,67,67,29,29,29,29,29,29,29,29,29,29,29,29,29,29,29,29,29
29,29,29,29,29,29,29,29,29,29,29,67,29,29,29,39,29,29,33,58,27,46,110,110,110,110,110,110,110,110,110,110,110,110,110,110,110,0,50,23,27,46,110,110,110,110,110,110,110,110,110,110,110,110,110,110,110,44,28,23,49,1,2,110,110,110,110,110,110,110,110,110,110,110,135,264,264,264,-1073741689,110,110,110,-1073741538,264,264,264,264,264,264,264,264,-1073741533,1610613025,290,275,275,275,-1073741535,264,264,264,264,264,264,264,198,182,177,203,156,264,264,264,264,264,264,264,264,264,264,264,264,264,264,264,264,264,264,264,264,264,264,264,264,264,264,196,29,29,29,39,29,29,29,29,29,29,29,29,29,29,29,29,29,29,29,29,29,29,29,29,29,29,29,29,29,29,29
29,29,29,29,29,29,29,29,29,29,29,29,29,29,29,29,29,29,30,27,46,110,110,110,110,110,110,110,110,110,110,110,110,110,110,110,110,22,23,23,24,110,110,110,110,110,110,110,110,110,110,110,110,110,110,110,110,110,44,28,23,23,24,110,110,110,110,110,110,110,110,110,110,110,-1073741687,136,264,1610612872,-1610612599,110,110,110,-1073741538,264,264,264,264,264,264,264,1610613024,-1610612450,288,-1073741533,290,275,275,-1073741535,264,264,264,264,264,264,264,264,176,177,177,178,264,264,264,264,264,264,264,264,264,264,264,264,264,264,264,264,264,264,264,264,264,264,264,264,264,264,224,202,29,29,29,29,29,29,29,39,29,29,29,29,29,29,29,29,29,29,29,29,29,29,29,29,29,67,67,29,29,29
29,29,29,29,29,29,29,29,29,29,29,29,29,29,29,29,29,33,58,24,110,110,110,110,110,110,110,110,110,110,110,110,110,110,110,110,110,22,23,23,24,110,110,110,110,110,110,110,110,110,110,110,110,110,110,110,110,110,110,22,23,23,24,110,110,110,110,110,110,110,110,110,110,110,110,-1073741687,1610612871,-1610612599,110,110,110,110,-1073741538,264,264,264,264,264,264,1610613024,-1610612449,110,-1073741537,288,289,275,275,-1073741535,264,264,264,264,264,264,264,264,198,182,177,178,264,264,264,264,264,264,264,264,264,264,264,264,264,264,264,264,264,264,264,264,264,264,264,264,264,264,264,196,29,29,29,29,29,67,29,29,29,29,29,29,29,29,95,29,29,29,29,29,29,67,67,67,67,29,29,29,29,29
29,29,29,29,29,95,29,39,29,29,29,29,95,29,29,29,33,58,27,46,110,110,110,110,110,110,110,110,110,110,110,110,110,110,110,110,110,22,23,23,24,110,110,110,110,110,110,110,110,110,110,110,110,110,110,110,110,110,110,44,28,23,24,110,110,110,110,110,110,110,110,110,110,110,110,110,110,110,110,110,110,110,-1073741537,288,264,264,264,264,264,286,110,110,110,-1073741538,289,275,275,-1073741535,264,264,264,264,264,264,264,264,264,176,177,178,264,264,264,264,264,264,264,264,264,264,264,264,264,264,264,264,264,264,264,264,264,264,264,264,264,264,264,224,202,29,29,39,29,67,29,29,29,29,29,29,29,29,29,29,29,29,29,67,67,67,29,29,29,29,29,29,29,29
29,29,29,29,29,29,29,29,29,29,29,29,29,29,29,29,30,27,46,110,110,110,110,110,110,110,110,110,110,110,110,110,110,110,110,110,110,22,23,23,24,110,110,110,110,110,110,110,110,110,110,110,110,110,110,110,110,110,110,110,22,23,24,110,110,110,110,110,110,110,110,110,110,110,110,110,110,110,110,110,110,110,110,-1073741538,264,264,264,264,264,-1073741536,287,110,1610613023,-1610612448,289,275,1610613026,-1610612445,264,264,264,264,264,264,264,264,264,176,177,178,264,264,264,264,264,264,264,264,264,264,264,264,264,264,264,264,264,264,264,264,264,264,264,264,264,264,264,264,196,29,29,29,29,67,67,29,29,29,29,29,29,29,29,29,29,29,67,67,29,29,29,29,95,29,29,29,29,29
29,29,67,67,67,67,67,67,67,29,29,29,29,29,29,33,58,24,110,110,110,110,110,110,110,110,110,110,110,110,110,110,110,110,110,110,110,22,23,23,49,1,1,1,1,1,1,1,1,1,1,1,1,1,1,1,1,1,1,1,50,23,24,110,110,110,110,110,110,110,110,110,110,110,110,110,110,110,110,110,110,110,110,-1073741538,264,264,264,264,264,264,-1073741536,1610613022,-1610612448,264,-1073741533,1610613025,-1610612445,264,264,264,264,264,264,264,264,264,264,176,177,178,264,264,264,264,264,264,264,264,264,264,264,264,264,264,264,264,264,264,264,264,264,264,264,264,264,264,264,264,196,29,29,29,29,29,67,67,29,29,29,29,29,29,29,29,29,67,67,29,29,29,29,29,29,29,29,29,29,29
67,67,67,123,123,123,123,123,123,123,29,29,29,39,33,58,27,46,110,110,110,110,110,110,110,110,110,110,110,110,110,110,110,110,110,110,110,22,23,23,23,23,23,23,23,23,23,23,23,23,23,23,23,23,23,23,23,23,23,23,23,23,24,110,110,110,110,110,1610612873,-1610612601,137,110,110,110,110,110,110,110,110,110,110,110,110,-1073741538,264,264,264,264,264,264,264,264,264,264,264,264,264,264,264,264,264,264,264,264,264,264,264,176,177,203,156,264,264,264,264,264,264,264,264,264,264,264,264,264,264,264,264,264,264,264,264,264,264,264,264,264,264,264,224,202,29,29,29,29,29,67,67,29,29,29,29,29,29,29,67,123,123,29,29,29,29,29,29,29,29,29,29,29
67,29,123,123,29,29,29,29,29,29,29,29,29,29,30,27,46,110,110,110,110,110,110,110,110,110,110,110,110,110,110,110,110,110,110,110,110,22,23,23,23,23,23,23,23,23,23,23,23,23,23,23,23,23,23,23,23,23,23,23,23,23,24,110,110,110,110,1610612873,-1610612600,264,-1073741688,137,110,110,110,110,110,110,110,110,110,110,110,-1073741538,264,264,264,264,264,264,264,264,264,264,264,264,264,264,264,264,264,264,264,264,264,264,264,176,177,177,203,155,155,155,155,155,155,155,155,155,155,155,155,155,155,155,155,155,155,155,155,156,264,264,264,264,264,264,264,196,29,29,29,29,39,67,67,67,67,39,67,67,67,123,123,123,29,29,29,29,29,29,29,29,29,67,67,67
29,29,123,29,29,95,29,29,29,29,29,29,29,33,58,24,110,110,110,110,110,110,110,110,110,110,110,110,110,110,110,110,110,110,110,110,110,22,23,23,27,45,45,45,45,45,45,45,45,45,45,45,45,45,45,45,45,45,45,45,28,23,24,110,110,110,110,135,264,264,264,-1073741689,110,110,110,110,110,110,110,110,110,110,110,-1073741538,264,1610613024,-1610612450,288,264,264,264,264,264,264,264,264,264,264,264,264,264,264,264,264,264,264,264,176,177,177,177,177,177,177,177,177,177,177,177,177,177,177,177,177,177,177,177,177,177,177,177,178,264,264,264,264,264,264,264,196,29,123,67,67,67,29,29,29,29,29,29,29,67,123,123,29,29,29,29,29,29,29,67,67,67,67,29,29
29,123,123,29,29,29,29,29,29,29,95,29,29,30,27,46,110,110,110,110,110,110,0,1,1,1,1,2,110,110,110,110,110,110,110,110,110,22,23,23,24,110,110,110,110,110,110,110,110,110,110,110,110,110,110,110,110,110,110,0,50,23,24,110,110,110,110,-1073741687,136,264,1610612872,-1610612599,110,110,110,110,110,110,110,110,110,110,110,-1073741538,1610613024,-1610612449,110,-1073741537,288,264,264,264,264,264,264,264,264,264,264,264,264,264,264,264,264,264,264,176,177,177,181,199,199,199,199,199,199,199,199,199,199,199,199,199,199,199,199,199,199,199,199,200,264,264,264,264,264,264,264,196,29,29,29,29,29,29,29,29,29,29,29,29,29,29,67,67,67,29,29,29,67,67,67,29,29,123,67,29
29,29,29,29,29,29,29,29,29,29,29,29,29,30,24,110,110,110,110,110,0,1,50,0,1,1,2,49,1,1,2,110,110,110,110,110,110,44,28,23,24,110,110,110,110,110,110,110,110,110,110,110,110,110,110,110,110,110,110,22,23,27,46,110,110,110,110,110,-1073741687,1610612871,-1610612599,110,110,110,110,110,110,110,110,110,110,110,110,-1073741538,286,110,110,110,-1073741538,264,264,264,264,264,264,264,264,264,264,264,264,264,264,264,264,264,264,176,177,181,200,264,264,264,264,264,264,264,264,264,264,264,264,264,264,264,264,264,264,264,264,264,264,264,264,264,264,264,264,224,202,29,29,29,29,29,29,29,29,29,123,29,29,67,67,29,67,67,67,67,67,67,67,67,67,67,29,29
29,29,29,29,29,29,29,39,39,29,29,29,33,58,24,110,110,110,110,0,50,0,1,62,29,29,61,1,1,2,49,2,110,110,110,110,110,110,22,23,49,2,110,110,110,110,110,110,110,110,110,110,110,110,110,110,110,110,110,22,23,24,110,110,110,110,110,110,110,110,110,110,110,110,110,110,1610612873,-1610612601,137,110,110,110,110,-1073741538,-1073741536,287,110,1610613023,-1610612448,264,264,264,264,264,264,264,264,264,264,264,264,264,264,264,264,264,264,176,177,178,264,264,264,264,264,264,264,264,264,264,264,264,264,264,264,264,264,264,264,264,264,264,264,264,264,264,264,264,264,264,196,29,39,39,29,29,29,29,29,29,29,29,29,29,67,67,29,29,29,29,29,29,29,29,29,29,29,29
29,29,29,29,29,29,29,29,29,29,29,29,30,27,46,110,110,110,0,50,0,62,29,29,29,29,29,29,29,61,2,24,110,110,110,110,110,110,22,23,23,49,1,2,110,110,110,110,110,110,110,110,110,110,110,110,110,110,0,50,23,24,110,110,110,110,110,110,110,110,110,110,110,110,110,1610612873,-1610612600,264,-1073741688,137,110,110,110,-1073741538,264,-1073741536,1610613022,-1610612448,264,264,264,264,264,264,264,264,264,264,264,264,264,264,264,264,264,264,264,176,177,178,264,264,264,264,264,264,264,264,264,264,264,264,264,264,264,264,264,264,264,264,264,264,264,264,264,264,264,264,264,264,196,29,29,29,29,29,29,29,24,29,29,29,29,29,29,67,67,67,29,29,29,29,29,29,29,29,29,29
29,29,95,29,29,29,29,29,29,29,29,29,30,24,110,110,110,0,50,0,62,29,29,29,29,29,29,29,29,29,30,49,2,110,110,110,110,110,44,28,23,23,23,49,2,110,110,110,110,110,110,110,110,110,110,110,110,0,50,23,23,24,110,110,110,110,110,110,110,110,110,110,110,110,110,135,264,264,264,-1073741689,110,110,110,-1073741538,264,264,264,264,264,264,264,264,264,264,264,264,264,264,264,264,264,264,264,264,264,264,264,176,177,178,264,264,264,264,264,264,264,264,264,264,264,264,264,264,264,264,264,264,264,264,264,264,264,264,264,264,264,264,264,264,224,202,29,29,29,29,29,29,29,29,29,29,29,29,29,29,29,67,67,67,29,29,29,29,29,29,29,29
29,29,29,29,29,29,29,29,29,29,39,33,58,24,110,110,110,22,0,62,29,29,29,29,29,29,29,29,29,29,61,2,24,110,110,110,110,110,110,22,23,23,23,23,49,1,1,1,1,1,1,1,1,1,1,1,1,50,23,23,23,49,2,110,110,110,110,110,110,110,110,110,110,110,110,-1073741687,136,264,1610612872,-1610612599,110,110,110,-1073741538,264,264,264,264,264,264,264,264,264,264,264,264,264,264,264,264,264,264,264,264,264,264,264,176,177,178,264,264,264,264,264,264,264,264,264,264,264,264,264,264,264,264,264,264,264,264,264,264,264,264,264,264,264,264,264,264,264,196,29,29,29,29,29,29,29,29,29,29,29,29,29,29,29,29,29,67,29,29,108,29,29,29,29,29
29,29,123,29,29,95,29,29,29,29,29,30,27,46,110,110,110,22,28,29,29,29,29,29,29,29,29,29,29,29,29,30,24,110,110,110,110,110,110,22,23,23,23,23,23,23,23,23,23,23,23,23,23,23,23,23,23,23,23,23,23,23,49,2,110,110,110,110,110,110,110,110,110,110,110,110,-1073741687,1610612871,-1610612599,110,110,110,110,-1073741538,264,264,264,1610613027,-1610612447,-1610612447,-1610612447,-1610612447,-1610612447,-1610612447,-1610612447,291,264,264,264,264,264,264,264,264,264,264,154,204,177,178,264,264,264,264,264,264,264,264,264,168,169,169,169,169,169,169,169,169,169,169,169,169,169,170,264,264,264,264,264,264,264,196,29,29,39,29,29,29,29,29,29,29,29,29,42,29,29,29,29,29,29,29,29,29,29,29,29,29
29,29,123,67,67,29,29,29,39,29,29,30,24,110,110,110,110,22,28,29,29,29,29,29,29,29,29,29,29,29,29,30,24,110,110,110,110,110,110,44,45,45,45,45,45,45,45,45,45,45,45,45,45,45,45,45,45,45,28,23,23,23,23,49,1,1,2,110,110,110,110,110,110,110,110,110,110,110,110,110,110,110,110,-1073741538,264,264,1610613027,-1610612446,275,275,275,275,275,275,275,-1073741534,291,264,264,264,264,264,264,264,264,154,204,177,177,178,264,264,264,264,264,264,168,169,169,230,197,197,197,197,197,197,197,197,197,197,197,197,197,229,170,264,264,264,264,264,264,224,202,29,29,29,29,29,29,39,29,39,29,29,42,42,29,29,29,29,29,29,29,29,29,29,29,29
29,123,123,67,29,29,29,29,29,95,29,30,24,110,110,110,110,22,28,29,29,29,29,29,29,29,29,29,29,29,29,30,49,2,110,110,110,110,110,110,110,110,110,110,110,110,110,110,110,110,110,110,110,110,110,110,110,110,44,45,28,23,23,23,23,23,49,1,1,1,2,110,110,110,110,110,110,110,110,110,110,110,110,-1073741538,264,1610613027,-1610612446,275,275,275,275,275,275,275,275,275,-1073741534,291,264,264,264,264,264,264,154,204,177,177,181,200,264,264,264,264,264,168,230,197,197,197,197,197,197,197,197,197,197,197,197,197,197,197,197,197,229,170,264,264,264,264,264,264,196,29,29,29,29,29,29,29,29,29,29,29,29,42,29,29,29,29,29,24,29,29,29,29,29,29
29,123,29,67,67,29,29,29,29,29,29,30,24,110,110,110,110,22,28,29,29,29,29,29,29,29,29,29,29,29,29,61,2,24,110,110,110,110,110,110,110,110,110,110,110,110,110,110,110,110,110,110,110,110,110,110,110,110,110,110,44,45,28,23,23,23,23,23,23,23,49,1,1,1,1,1,1,1,2,110,110,110,1610613023,-1610612448,264,289,275,275,275,275,275,275,275,275,275,275,275,-1073741534,291,264,264,264,264,154,204,177,177,181,200,264,264,264,264,264,168,230,197,197,197,197,197,197,197,197,197,197,197,197,197,197,197,197,197,197,197,229,170,264,264,264,264,264,196,29,29,29,29,29,29,29,29,29,29,29,29,42,29,29,29,29,29,29,29,29,29,29,29,29
29,123,123,29,67,29,29,210,29,29,29,30,24,110,110,110,110,22,28,29,29,29,29,29,29,29,29,29,29,29,29,29,30,49,1,2,110,110,110,110,110,110,110,110,110,110,110,110,110,110,110,110,110,110,110,110,110,110,110,110,110,110,44,45,28,23,23,23,23,23,23,23,23,23,23,23,23,27,46,110,110,110,-1073741538,264,264,289,275,275,275,275,275,275,275,275,275,275,275,275,-1073741535,264,264,264,264,176,177,177,181,200,264,264,264,264,264,168,230,197,197,197,197,197,197,197,197,197,197,197,197,197,197,197,197,197,197,197,197,197,198,264,264,264,264,264,196,29,29,39,29,29,29,29,29,29,29,29,42,42,29,29,29,29,29,29,42,42,29,29,29,29
29,95,123,123,67,67,29,210,29,29,29,30,24,110,110,110,110,22,28,29,29,29,29,29,29,29,29,29,29,29,29,29,61,1,2,49,2,110,110,110,110,110,110,110,110,110,110,110,110,110,110,110,110,110,110,110,110,110,110,110,110,110,110,110,44,45,45,45,45,45,45,45,45,45,45,45,45,46,110,110,110,110,-1073741538,264,1610613027,-1610612446,275,275,275,275,275,275,275,275,275,275,275,275,-1073741535,264,264,264,154,204,177,181,200,264,264,264,264,264,264,196,197,197,197,197,197,197,197,197,197,197,197,197,197,197,197,197,197,197,197,197,197,197,229,170,264,264,264,264,224,202,29,29,29,29,29,29,29,29,29,29,42,29,39,29,29,29,29,29,29,42,29,29,29,29
29,29,29,123,29,67,29,210,29,29,29,30,24,110,110,110,110,22,28,29,29,29,29,29,29,29,29,29,29,29,29,29,29,29,61,2,49,2,110,110,110,110,110,110,110,110,110,110,110,110,110,110,110,110,110,110,110,110,110,110,110,110,110,110,110,110,110,110,110,110,110,110,110,110,110,110,110,110,110,110,110,1610613023,-1610612448,264,289,275,275,275,275,275,275,275,275,275,275,275,275,275,-1073741535,264,264,264,176,177,177,178,264,264,264,264,264,264,168,230,197,197,197,197,197,197,197,197,197,197,197,197,197,197,197,197,197,197,197,197,197,197,197,198,264,264,264,264,264,196,29,29,29,29,29,29,29,29,29,42,42,29,29,29,29,29,29,29,29,42,29,29,29,29
29,29,29,29,29,67,67,210,210,29,29,30,24,110,110,110,110,22,28,29,29,29,29,29,29,29,29,29,29,29,29,29,29,29,29,61,2,49,1,2,110,110,110,110,110,110,110,110,110,110,110,110,110,110,110,110,110,110,110,110,110,110,110,110,110,110,110,110,110,110,110,110,110,1610612873,-1610612601,137,110,110,110,110,110,-1073741538,264,1610613027,-1610612446,275,275,275,275,275,275,275,275,275,275,275,275,275,-1073741535,264,264,264,176,177,181,200,264,264,264,264,264,168,230,197,197,197,197,197,197,197,197,197,197,197,197,197,197,197,197,197,197,197,197,197,197,197,197,198,264,264,264,264,264,196,29,29,29,29,29,29,29,39,29,42,29,29,29,29,29,29,29,29,29,42,29,29,29,29
29,29,29,29,29,67,67,29,210,29,29,30,24,110,110,110,110,22,28,29,29,29,29,29,29,29,29,29,29,29,29,29,29,29,29,29,61,1,2,49,1,2,110,110,110,110,110,110,110,110,110,110,110,110,110,110,110,110,110,110,110,110,110,110,110,110,110,110,110,110,110,110,1610612873,-1610612600,264,-1073741688,137,110,110,110,1610613023,-1610612448,264,289,275,275,275,275,275,275,275,275,275,275,275,275,275,1610613026,-1610612445,264,264,264,176,177,178,264,264,264,264,264,168,230,197,197,197,197,197,197,197,197,197,197,197,197,197,197,197,197,197,197,197,197,197,197,197,197,197,229,170,264,264,264,264,196,29,39,29,29,29,29,29,29,29,29,29,29,29,29,29,29,29,29,42,42,29,29,29,29
29,29,67,67,67,67,29,29,210,29,29,30,24,110,110,110,110,22,28,29,29,29,29,29,29,29,29,29,29,29,29,29,29,29,29,29,29,29,61,1,2,49,1,1,2,110,110,110,110,110,110,110,110,110,110,110,110,110,110,110,110,110,110,110,110,110,110,110,110,110,110,110,135,264,264,264,-1073741689,110,110,110,-1073741538,264,1610613027,-1610612446,275,275,275,275,275,275,275,275,275,275,275,275,275,-1073741535,264,264,264,264,176,177,178,264,264,264,264,264,196,197,197,197,197,197,197,197,197,197,197,197,197,197,197,197,197,197,197,197,197,197,197,197,197,197,197,197,198,264,264,264,264,196,29,29,29,39,29,29,29,29,29,29,29,29,29,29,29,29,29,29,42,29,29,29,29,29
29,67,67,29,29,29,29,29,29,29,29,30,24,110,110,110,110,22,28,29,29,29,29,29,29,29,29,29,29,29,29,29,29,29,29,29,29,29,29,29,61,1,1,2,49,2,110,110,110,110,110,110,110,110,110,110,110,110,110,110,110,110,110,110,110,110,110,110,110,110,110,110,-1073741687,136,264,1610612872,-1610612599,110,110,1610613023,-1610612448,264,289,275,275,275,275,275,275,275,275,275,275,275,275,275,275,-1073741535,264,264,264,264,176,177,178,264,264,264,264,168,230,197,197,197,197,197,197,197,197,197,197,197,197,197,197,197,197,197,197,197,197,197,197,197,197,197,197,197,198,264,264,264,264,196,29,29,29,39,29,29,29,29,29,29,29,29,29,39,29,29,29,42,42,29,29,29,29,29
29,67,29,29,29,29,29,29,29,29,29,30,49,2,110,110,110,22,28,29,29,29,29,29,29,29,29,29,29,29,29,29,29,29,29,29,29,29,29,29,29,29,29,61,2,49,2,110,110,110,110,110,110,110,110,110,110,110,110,110,110,110,110,110,110,110,110,110,110,110,110,110,110,-1073741687,1610612871,-1610612599,110,110,110,-1073741538,264,264,289,275,275,275,275,275,275,275,275,275,275,275,275,275,275,-1073741535,264,264,264,264,176,177,178,264,264,264,264,196,197,197,197,197,197,197,197,197,197,197,197,197,197,197,197,197,197,197,197,197,197,197,197,197,197,197,197,197,198,264,264,264,264,196,29,29,29,29,29,29,39,29,29,29,108,29,29,29,29,29,42,42,29,29,29,29,29,29
29,67,29,29,210,29,39,29,29,39,29,61,2,24,110,110,110,22,56,34,29,29,29,29,29,29,29,29,29,29,29,29,29,29,29,29,29,29,29,29,29,29,29,29,61,2,24,110,110,110,110,110,110,110,110,110,110,110,110,110,110,110,110,110,110,110,110,110,110,110,110,110,110,110,110,110,110,110,1610613023,-1610612448,264,264,289,275,275,275,275,275,275,275,275,275,275,275,275,275,1610613026,-1610612445,264,264,264,264,176,177,178,264,264,264,168,230,197,197,197,197,197,197,197,197,197,197,197,197,197,197,197,197,197,197,197,197,197,197,197,197,197,197,197,197,198,264,264,264,264,196,29,29,29,29,29,29,29,29,29,29,29,29,29,29,29,29,42,29,24,29,29,29,29,29
29,67,29,29,29,210,95,29,29,29,29,29,30,24,110,110,110,44,28,28,29,29,29,29,29,29,29,29,29,29,29,29,29,29,29,29,29,29,29,29,29,29,29,29,29,30,24,110,110,110,110,110,110,110,110,110,110,110,110,110,110,110,1610612873,-1610612601,137,110,110,110,110,110,110,110,110,110,110,110,110,1610613023,-1610612448,264,264,264,289,275,275,275,275,275,275,275,275,275,275,275,275,275,-1073741535,264,264,264,264,264,176,177,178,264,264,264,196,197,197,197,197,197,197,197,197,197,197,197,197,197,197,197,197,197,197,197,197,197,197,197,197,197,197,197,197,197,198,264,264,264,264,196,29,39,29,29,29,29,29,29,29,29,29,29,29,29,29,42,42,29,29,29,29,29,29,29
29,67,29,29,29,210,210,29,29,29,29,29,30,49,2,110,110,110,22,56,34,29,29,29,29,29,29,29,29,29,29,29,29,29,29,29,29,29,29,29,29,29,29,29,29,30,24,110,110,110,110,110,110,110,110,110,110,110,110,110,110,1610612873,-1610612600,264,-1073741688,137,110,110,110,110,110,110,110,110,110,110,1610613023,-1610612448,264,264,264,264,289,275,275,275,275,275,275,275,275,275,275,275,275,1610613026,-1610612445,264,264,264,264,264,176,177,178,264,264,264,196,197,197,197,197,197,197,197,197,197,197,197,197,197,197,197,197,197,197,197,197,197,197,197,197,197,197,197,197,197,198,264,264,264,264,196,29,29,29,29,29,29,29,29,29,29,29,29,29,29,29,42,29,29,29,29,29,29,29,29
29,29,29,29,29,29,210,210,29,29,29,29,61,2,24,110,110,110,44,28,56,34,29,29,29,29,29,29,29,29,29,29,29,29,29,29,29,29,29,29,29,29,29,29,29,30,24,110,110,110,110,110,110,110,110,110,110,110,110,110,110,135,264,264,264,-1073741689,110,110,110,110,110,110,110,110,110,110,-1073741538,264,1610613024,-1610612450,288,264,289,275,275,275,275,275,275,275,275,275,275,275,1610613026,-1610612445,264,264,264,264,264,264,176,177,178,264,264,264,196,197,197,197,197,197,197,197,197,197,197,197,197,197,197,197,197,197,197,197,197,197,197,197,197,197,197,197,197,197,198,264,264,264,264,196,29,29,29,29,24,29,29,29,29,39,29,29,29,29,29,29,29,29,29,29,29,29,29,29
29,29,29,29,29,29,29,210,29,29,39,29,29,30,49,2,110,110,110,44,28,28,29,29,29,29,29,29,29,29,29,29,29,29,29,29,29,29,29,29,29,29,29,29,29,30,24,110,110,110,110,110,110,110,110,110,110,110,110,110,110,-1073741687,136,264,1610612872,-1610612599,110,110,110,110,110,110,110,110,110,1610613023,-1610612448,1610613024,-1610612449,110,-1073741537,288,289,275,275,275,275,275,275,275,1610613026,1610613025,1610613025,1610613025,-1610612445,264,264,264,264,264,264,264,176,177,178,264,264,264,196,197,197,197,197,197,197,197,197,197,197,197,197,197,197,197,197,197,197,197,197,197,197,197,197,197,197,197,197,197,198,264,264,264,264,196,29,29,29,29,29,29,29,42,29,39,29,29,29,29,29,29,29,29,29,29,29,29,29,29
29,29,29,29,29,29,29,210,210,29,29,29,29,61,2,24,110,110,110,110,22,56,34,29,29,29,29,29,29,29,29,29,29,29,29,29,29,29,29,29,29,29,29,29,29,30,24,110,110,110,110,110,110,110,110,110,110,110,110,110,110,110,-1073741687,1610612871,-1610612599,110,110,110,110,110,110,110,110,110,1610613023,-1610612448,264,286,110,110,110,-1073741538,-1073741533,1610613025,1610613025,1610613025,1610613025,1610613025,1610613025,1610613025,-1610612445,264,264,264,264,264,264,264,264,264,264,264,176,177,178,264,264,264,224,202,197,197,197,197,197,197,197,197,197,197,197,197,197,197,197,197,197,197,197,197,197,197,197,197,197,197,197,201,226,264,264,264,264,196,29,39,29,29,29,29,29,42,42,29,29,29,29,29,29,29,29,29,29,29,29,29,29,29
29,29,29,29,29,29,29,29,210,29,29,29,29,29,30,49,2,110,110,110,44,28,56,34,29,29,29,29,29,29,29,29,29,29,29,29,29,29,29,29,29,29,29,29,29,30,24,110,110,110,110,110,110,110,110,110,110,110,110,110,110,110,110,110,110,110,110,110,110,110,110,110,1610613023,1610613022,-1610612448,264,264,-1073741536,287,110,1610613023,-1610612448,264,264,264,264,264,264,264,264,264,264,264,264,264,264,264,264,264,264,264,264,176,177,178,264,264,264,264,196,197,197,197,197,197,197,197,197,197,197,197,197,197,197,197,197,197,197,197,197,197,197,197,197,197,197,197,198,264,264,264,264,264,196,29,39,29,29,29,29,29,29,42,42,42,42,42,42,29,29,29,29,29,29,29,29,29,29
29,29,29,29,210,210,123,29,39,29,29,29,29,39,61,2,24,110,110,110,110,44,28,56,34,29,29,29,29,29,29,29,29,29,29,29,29,29,29,29,29,29,29,29,33,58,24,110,110,110,110,110,110,110,110,110,110,110,110,110,110,110,110,110,110,110,110,110,110,110,0,2,-1073741538,264,264,264,264,264,-1073741536,1610613022,-1610612448,264,264,264,264,264,264,264,264,264,264,264,264,264,264,264,264,264,264,264,264,264,176,177,178,264,264,264,264,196,197,197,197,197,197,197,197,197,197,197,197,197,197,197,197,197,197,197,197,197,197,197,197,197,197,197,201,226,264,264,264,264,264,196,29,29,29,29,29,29,29,29,29,29,29,29,29,42,42,42,29,29,29,29,29,29,29,29
29,29,29,210,29,29,29,29,29,29,29,29,29,29,29,30,49,2,110,110,110,110,44,28,56,34,29,29,29,29,29,29,29,29,29,29,29,29,29,29,29,29,29,33,58,27,46,110,110,110,110,110,110,110,110,110,110,110,110,110,110,110,110,110,110,110,0,1,1,1,50,0,169,169,169,169,169,169,169,169,169,169,169,169,169,169,169,169,169,170,264,264,264,264,264,264,264,264,264,264,264,264,176,177,178,264,264,264,264,224,202,197,197,197,197,197,197,197,197,197,197,197,197,197,197,197,197,197,197,197,197,197,197,197,201,225,226,264,264,264,264,264,168,230,29,29,29,29,29,29,42,42,42,29,29,29,29,29,29,29,29,29,29,29,29,29,29,29
29,29,210,210,29,29,29,29,29,29,210,29,29,29,29,61,2,24,110,110,110,110,110,44,28,56,34,29,29,29,29,29,29,29,29,29,29,29,29,29,29,29,33,58,27,46,110,110,110,110,110,110,110,110,110,110,110,110,110,110,110,110,0,1,1,1,50,0,1,1,1,62,29,29,29,29,29,29,29,29,29,29,29,29,29,29,29,29,29,229,169,169,169,169,169,170,264,264,264,264,264,264,176,177,178,264,264,264,264,264,224,202,197,197,197,197,197,197,197,197,197,197,197,197,197,197,197,197,197,197,197,197,197,201,226,264,264,264,264,264,264,264,196,29,29,29,29,39,29,42,42,29,29,29,29,29,29,29,29,29,29,29,29,29,29,29,29,29
29,29,210,29,29,29,29,29,29,29,210,210,210,29,29,29,30,49,2,110,110,110,110,110,44,28,56,34,29,29,29,29,29,29,29,29,29,29,29,33,57,57,58,27,46,110,110,110,110,110,110,110,110,110,110,110,110,110,110,110,0,1,50,0,1,1,1,62,29,29,29,29,29,29,29,29,29,29,29,29,42,42,108,42,42,29,29,29,29,29,29,29,29,29,29,229,169,169,169,170,264,264,176,177,178,264,264,264,264,264,264,224,202,197,197,197,197,197,197,197,197,197,197,197,197,197,197,197,197,197,197,197,201,226,264,264,264,264,264,264,264,168,230,29,29,29,29,39,39,42,29,29,29,29,29,29,39,29,29,29,29,29,29,29,29,29,29,29
29,210,210,29,29,29,29,29,29,29,29,29,29,29,29,39,61,2,24,110,110,110,110,110,110,44,28,56,34,29,29,29,29,29,29,29,33,57,57,58,27,45,45,46,110,110,110,110,110,110,110,110,110,110,110,110,110,0,1,1,50,0,1,62,29,29,29,29,29,29,29,29,29,210,210,210,210,29,42,42,42,29,29,29,29,29,136,29,29,210,210,210,29,29,29,29,29,29,29,229,169,364,176,177,178,264,264,264,264,264,264,264,224,225,202,197,197,197,197,197,197,197,197,197,197,197,197,197,197,197,201,225,226,264,264,264,264,264,264,264,264,196,29,29,29,29,29,42,42,29,29,29,29,29,29,29,29,29,29,108,29,29,29,29,29,42,29,29
210,210,29,29,29,29,29,29,29,210,210,29,29,29,29,29,29,30,49,2,110,110,110,110,110,110,44,28,56,57,57,57,57,57,57,57,58,27,45,45,46,110,110,110,110,110,110,110,110,110,110,110,110,110,0,1,1,50,0,1,1,62,29,29,29,29,29,29,29,29,42,42,42,42,42,42,42,42,42,42,42,24,42,29,29,29,136,42,210,210,29,42,42,42,42,42,29,29,29,29,29,364,365,365,365,264,264,264,264,264,264,264,264,264,224,225,202,197,197,197,197,197,197,197,197,197,197,201,225,225,226,264,264,264,264,264,264,264,264,264,168,230,29,29,29,29,42,42,29,29,29,29,29,29,29,29,42,42,42,29,29,29,29,29,29,42,29,29
210,210,29,29,29,29,29,210,210,210,210,210,29,29,29,29,29,61,2,49,2,110,110,110,110,110,110,44,45,45,45,45,45,45,45,45,45,46,110,110,110,110,110,110,110,110,110,110,110,110,0,1,1,1,50,0,1,1,62,29,29,29,210,210,210,210,42,29,29,29,210,210,210,29,29,42,29,210,210,42,42,210,42,210,210,210,136,42,210,42,42,42,29,210,210,42,42,42,29,29,29,364,365,365,365,366,169,169,170,264,264,264,264,264,264,264,224,225,225,225,202,197,197,197,201,225,225,226,264,264,264,264,264,264,264,264,264,264,264,168,230,29,39,29,29,42,29,29,29,29,29,29,29,29,29,42,42,29,29,29,29,29,29,29,29,42,29,29
29,210,29,29,210,210,210,210,29,29,29,210,210,39,29,29,29,29,61,2,49,2,110,110,110,110,110,110,110,110,110,110,110,110,110,110,110,110,110,110,110,110,110,110,110,0,1,1,1,1,50,0,1,1,1,62,29,29,29,29,52,52,52,210,210,210,42,210,210,210,24,197,29,29,29,210,210,29,29,29,29,210,42,210,210,210,136,29,210,210,210,29,29,29,29,210,42,42,42,42,136,364,365,365,365,366,29,29,229,169,169,170,264,264,264,264,264,264,264,264,224,225,225,225,226,264,264,264,264,264,264,264,264,264,264,264,264,264,168,230,29,29,39,29,42,42,29,39,29,29,52,29,29,29,42,42,29,29,29,29,29,29,29,29,42,42,29,29
29,210,210,210,210,29,29,29,29,29,29,29,210,210,29,210,210,210,29,61,2,49,2,110,110,110,110,110,110,110,110,110,110,110,110,110,110,110,110,110,110,110,0,1,1,50,0,1,1,1,1,62,29,29,29,197,197,108,42,42,52,197,210,210,197,210,42,42,210,210,210,42,42,210,42,42,42,42,29,210,210,42,42,42,210,42,136,29,29,29,210,210,29,42,42,210,210,210,42,52,136,364,365,365,365,366,42,29,29,29,29,229,169,169,169,170,264,264,264,264,264,264,264,264,264,264,264,264,264,264,264,264,264,264,264,264,168,169,230,29,29,29,29,29,42,29,29,29,42,29,52,24,29,42,42,29,29,29,29,29,29,29,42,42,42,29,29,29
29,210,29,29,29,29,29,29,29,29,29,29,29,210,210,29,29,210,210,210,61,2,49,2,110,110,110,110,110,110,110,110,110,110,110,110,110,110,0,1,1,1,50,0,1,1,62,29,29,29,29,29,197,42,42,42,42,42,210,210,210,197,197,197,197,210,210,42,42,210,197,197,42,42,42,29,29,29,42,210,210,210,29,42,42,42,29,29,29,29,29,29,210,42,42,42,42,42,42,52,136,364,365,365,365,366,24,42,42,42,29,29,29,29,29,229,169,169,170,264,264,264,264,264,264,264,264,264,264,264,264,264,264,264,264,168,230,29,29,29,39,29,42,42,29,29,29,42,42,52,52,29,29,42,29,52,29,29,29,29,29,29,29,29,29,29,29,29
29,210,29,29,29,29,29,29,29,29,210,210,29,29,210,210,29,29,29,210,210,61,2,49,1,1,2,110,110,110,110,110,110,110,110,0,1,1,50,0,1,1,1,62,197,29,29,29,210,210,197,197,42,42,210,210,210,210,210,210,210,210,42,210,210,210,210,210,42,42,52,52,52,108,42,29,29,210,42,42,210,29,210,29,29,29,46,70,70,70,70,70,70,47,29,29,42,42,108,42,42,364,365,365,365,366,52,29,29,29,39,29,29,29,29,39,29,29,229,169,169,169,169,169,169,169,169,169,169,169,169,169,169,169,169,230,29,29,29,29,29,29,42,108,29,29,42,42,42,52,42,29,42,29,52,52,42,42,42,29,29,29,29,29,29,29,24,29
29,210,210,29,29,29,29,29,29,29,210,210,210,210,29,29,210,29,29,29,210,210,61,1,1,2,49,1,1,1,1,1,1,1,1,50,0,1,1,62,29,29,29,29,197,197,197,197,197,197,197,210,210,210,24,197,42,42,42,210,210,210,210,210,210,210,210,210,210,42,42,210,197,52,52,42,210,42,42,42,42,210,210,29,46,70,71,335,353,353,353,353,336,69,70,70,70,47,108,42,42,364,365,365,365,366,42,42,29,29,29,42,42,29,29,29,29,29,39,29,29,29,29,29,29,29,29,29,29,29,29,29,29,29,29,29,29,29,29,29,29,42,29,29,29,39,29,42,52,52,29,42,42,52,52,42,29,29,29,29,29,29,29,29,29,29,29,29
29,29,210,210,29,29,29,29,29,29,210,210,29,210,210,29,29,210,210,29,29,210,210,210,29,61,1,1,1,1,1,1,1,1,1,1,62,29,29,29,210,42,42,42,197,197,197,197,197,197,197,197,210,197,197,197,210,210,210,210,210,214,238,238,238,238,238,238,215,210,210,197,197,210,210,42,24,42,29,210,42,29,29,46,71,335,353,354,418,418,418,418,352,353,353,353,336,69,70,70,70,364,365,365,365,366,42,42,42,42,29,108,42,42,42,42,42,42,42,42,42,42,42,29,29,136,136,29,29,29,39,29,29,29,29,108,29,29,29,42,42,42,42,42,42,42,42,42,52,42,29,42,52,52,29,29,29,29,29,29,29,29,29,29,29,29,29,29
29,29,29,29,210,210,210,29,29,29,29,210,210,210,29,29,29,29,210,210,29,29,29,210,210,29,29,29,29,29,29,29,29,29,29,210,210,210,210,210,210,42,42,197,197,210,197,210,210,210,210,42,210,210,210,210,210,210,214,238,238,239,429,429,429,429,429,429,237,215,210,210,197,197,210,42,42,210,42,210,29,29,46,71,335,354,418,418,418,418,418,418,418,418,418,418,352,353,353,353,336,364,365,365,365,366,42,136,136,42,42,42,42,42,136,42,42,42,108,42,42,42,29,42,136,136,42,42,42,42,42,42,42,42,39,39,29,29,42,42,29,29,42,42,29,42,42,52,42,29,42,42,52,29,29,29,29,29,29,29,29,29,29,42,29,29,29,29
29,29,29,29,29,29,210,210,210,210,210,210,210,210,210,210,29,29,29,210,210,29,29,29,210,210,29,29,29,29,197,197,42,42,210,210,210,197,42,108,42,42,210,210,210,210,210,210,210,210,210,210,210,214,238,238,238,238,239,429,429,429,429,429,429,429,429,429,429,237,215,210,197,197,197,42,42,42,42,29,29,46,71,335,354,418,418,418,418,418,418,418,418,418,418,418,418,418,418,418,418,364,365,365,365,366,42,42,136,136,42,42,42,42,136,136,42,42,42,42,42,42,42,136,136,29,39,29,29,29,29,29,29,29,29,42,42,42,42,29,29,42,42,29,29,42,29,52,42,42,42,52,52,29,29,29,29,29,29,42,108,42,42,29,29,29,29,29
29,29,29,29,29,29,29,29,29,29,29,210,210,210,210,210,210,210,210,29,210,210,210,29,29,197,197,29,210,42,42,42,210,210,210,210,210,210,42,42,42,210,210,210,210,210,210,210,214,238,238,238,238,239,429,429,429,429,429,429,429,429,429,429,429,429,429,429,429,429,209,210,210,210,210,42,210,42,42,42,108,43,335,354,418,418,418,418,418,418,418,418,418,418,418,418,418,418,418,418,418,364,365,365,365,366,70,70,47,29,136,136,42,42,42,136,136,52,52,42,42,42,136,136,42,52,52,52,29,29,29,29,29,29,29,29,42,42,42,42,52,52,29,29,42,29,52,52,29,42,42,52,29,29,29,29,42,42,42,29,29,29,29,29,29,42,29,29
29,29,29,29,210,210,29,29,210,29,29,29,29,29,210,210,210,210,210,197,197,210,210,197,197,197,210,210,42,42,197,197,210,210,210,210,210,210,210,42,210,210,210,210,214,238,238,238,239,429,429,429,429,429,429,429,429,429,429,429,429,429,429,429,429,429,429,429,429,429,209,210,210,210,210,136,210,42,197,29,46,71,332,418,418,418,418,418,418,418,418,418,418,418,418,418,418,418,418,418,418,364,365,365,365,366,353,336,69,47,29,136,136,42,42,42,136,136,136,52,52,52,52,52,52,24,42,42,42,42,42,42,42,29,29,29,42,52,52,52,52,29,29,29,29,42,52,42,29,42,29,52,29,42,42,42,29,29,29,29,29,29,29,29,42,42,29,29
210,29,29,210,210,210,210,210,210,210,210,210,210,29,29,210,210,210,210,210,197,210,210,197,210,210,210,210,210,210,210,197,197,197,210,210,210,210,210,210,210,214,238,238,239,429,429,429,429,429,429,429,429,429,429,429,429,429,429,429,429,429,429,429,429,429,429,429,429,429,209,210,210,42,24,136,210,197,197,29,43,335,354,418,418,418,418,418,418,418,418,418,418,418,418,418,418,418,418,418,418,364,365,365,365,366,418,352,336,69,70,47,29,29,42,42,42,42,42,42,42,42,42,29,42,42,42,42,29,42,42,42,42,42,52,52,52,52,42,42,42,29,108,29,42,42,52,29,42,108,29,52,42,29,29,29,29,42,42,42,42,42,42,29,42,29,29,29
210,210,29,29,29,29,210,210,210,29,29,210,210,210,210,210,210,210,210,210,197,210,197,197,197,197,197,197,197,197,197,210,210,210,210,210,210,210,214,238,238,239,429,429,429,429,429,429,429,429,429,429,429,429,429,429,429,429,429,429,429,429,429,429,429,429,429,429,429,429,209,210,210,42,197,136,197,197,29,29,43,332,418,418,418,418,418,418,418,418,418,418,418,418,418,418,418,418,418,418,418,330,485,485,485,332,418,418,352,353,336,69,70,47,29,29,29,42,42,42,42,42,42,29,29,29,29,42,42,42,52,52,52,52,52,42,42,42,42,42,42,42,42,42,42,29,29,42,42,42,42,29,29,29,42,42,42,42,29,29,29,29,29,42,29,29,29,29
29,210,210,29,29,210,210,29,210,210,210,29,29,29,29,29,29,29,29,210,197,197,210,210,210,210,210,210,210,210,210,210,210,210,214,238,238,238,239,429,429,429,429,429,429,429,429,429,429,429,429,429,429,429,429,429,429,429,429,429,429,429,429,429,429,429,429,429,429,429,209,210,210,42,210,136,210,197,29,46,71,332,418,418,418,418,418,418,418,418,418,418,418,418,418,418,418,418,418,418,418,330,484,485,486,332,418,418,418,418,352,353,336,69,70,47,29,24,29,29,29,29,29,42,136,136,136,136,136,136,136,136,136,42,42,42,29,42,42,29,29,29,42,29,29,29,29,42,42,29,29,29,42,42,42,29,29,29,29,29,29,29,29,42,29,29,29,29
29,29,210,210,210,210,210,210,210,210,210,210,210,210,210,210,210,210,210,210,210,210,210,210,210,210,210,210,210,210,210,210,214,238,239,429,429,429,429,429,429,429,429,429,429,429,429,429,429,429,429,429,429,429,429,429,429,429,429,429,429,429,429,429,429,429,429,429,429,429,209,210,210,210,210,42,210,42,42,43,335,354,418,418,418,418,418,418,418,418,418,418,418,418,418,418,418,418,418,418,418,330,484,485,486,332,418,418,418,418,418,418,352,353,336,69,70,47,29,29,29,29,42,42,42,42,42,42,42,42,42,42,42,42,42,29,42,42,42,42,29,42,42,29,29,42,42,42,29,29,29,42,42,29,29,29,29,136,29,29,29,29,29,42,29,29,29,29
29,210,210,29,210,210,210,210,29,29,29,210,210,210,210,210,210,210,210,210,210,210,210,210,210,210,210,210,210,214,238,238,239,429,429,429,429,429,429,429,429,429,429,429,429,429,429,429,429,429,429,429,429,429,429,429,429,429,429,429,429,429,429,429,429,429,429,429,429,429,209,210,210,42,42,210,42,42,42,43,332,418,418,418,418,418,418,418,418,418,418,418,418,418,418,418,418,418,418,418,418,330,484,485,486,332,418,418,418,418,418,418,418,418,352,353,336,69,70,47,29,29,29,29,29,29,29,29,108,29,42,42,29,29,42,42,29,24,42,42,42,42,29,29,42,42,42,29,29,29,42,42,29,29,29,29,42,136,29,29,42,42,42,42,42,42,42,42
29,210,29,29,29,29,210,210,210,210,210,210,210,210,210,210,197,197,210,197,210,210,210,210,210,210,214,238,238,239,429,429,429,429,429,429,429,429,429,429,429,429,429,429,429,429,429,429,429,429,429,429,429,429,429,429,429,429,429,429,429,429,429,429,429,429,429,429,429,181,243,210,210,210,210,42,42,210,42,43,332,418,418,418,418,418,418,418,418,418,418,418,418,418,418,418,418,418,418,418,418,330,484,485,486,332,418,418,418,418,418,418,418,418,418,418,352,353,336,69,70,70,70,47,29,29,29,29,108,29,29,42,42,42,29,29,42,42,42,42,136,42,42,42,29,29,29,29,29,29,42,29,42,42,42,42,42,136,42,42,29,29,42,29,29,29,42,42
29,210,210,210,210,210,210,29,29,210,210,210,210,210,197,197,197,197,197,197,210,210,210,210,214,238,239,429,429,429,429,429,429,429,429,429,429,429,429,429,429,429,429,429,429,429,429,429,429,429,429,429,429,429,429,429,429,429,429,429,429,429,429,429,429,429,429,429,429,209,210,210,210,210,210,42,42,197,29,43,332,418,418,418,418,418,418,418,418,418,418,418,418,418,418,418,418,418,418,418,418,330,484,485,486,332,418,418,418,418,418,418,418,418,418,418,418,418,352,353,353,353,336,69,70,70,70,70,70,70,70,70,70,70,47,42,42,42,42,42,136,42,42,29,42,42,29,29,29,29,42,42,42,42,42,42,29,136,29,29,29,42,42,29,29,29,29,29
29,29,210,210,210,210,210,210,210,210,210,210,197,197,197,197,197,197,210,210,210,210,210,214,239,429,429,429,429,429,429,429,429,429,429,429,429,429,429,429,429,429,429,429,429,429,429,429,429,429,429,429,429,429,429,429,429,429,429,429,429,429,429,429,429,429,429,429,429,209,210,210,210,210,210,42,42,210,210,43,332,418,418,418,418,418,418,418,418,418,418,418,418,418,418,418,418,418,418,418,418,330,484,485,486,332,418,418,418,418,418,418,418,418,418,418,418,418,418,418,418,418,352,353,353,353,353,353,353,353,353,353,353,336,69,47,29,42,42,42,136,29,42,42,29,42,29,29,29,29,24,42,52,29,29,24,29,136,136,29,29,42,108,29,29,29,29,29
29,29,210,210,29,210,210,210,210,210,29,197,197,210,210,210,210,197,197,197,210,210,214,239,429,429,429,429,429,429,429,429,429,429,429,429,429,429,429,429,429,429,429,429,429,429,429,429,319,320,320,320,320,320,320,320,320,321,429,429,429,429,429,429,429,429,429,429,181,243,210,210,210,210,210,42,197,210,210,43,332,418,418,418,418,418,418,418,418,418,418,418,418,418,418,418,418,418,418,418,418,330,484,485,486,332,418,418,418,418,418,418,418,418,418,418,418,418,418,418,418,418,418,418,418,418,418,418,418,418,418,418,418,352,336,69,47,29,29,42,136,42,29,42,29,29,42,29,42,42,42,52,29,42,29,29,29,29,136,136,42,42,29,29,29,29,29,29
29,29,29,210,210,29,29,29,29,197,197,197,210,210,210,210,210,210,210,210,210,214,239,429,429,429,429,429,429,429,429,429,429,429,429,429,429,429,429,429,429,429,429,429,429,429,429,319,369,342,342,342,342,342,342,342,342,368,321,429,429,429,429,429,429,429,429,429,209,210,210,210,197,197,108,42,210,210,210,43,332,418,418,418,418,418,418,418,418,418,418,418,418,418,418,418,418,418,418,418,418,330,484,485,486,332,418,418,418,418,418,418,418,418,418,418,418,418,418,418,418,418,418,418,418,418,418,418,418,418,418,418,418,418,352,336,69,47,29,29,136,136,29,42,29,42,42,42,42,29,52,52,52,29,29,29,29,29,29,136,136,29,29,29,29,29,29,29
29,210,210,29,210,210,29,29,197,197,210,210,210,210,210,210,210,210,210,210,214,239,429,429,429,429,429,429,429,429,429,429,429,429,429,429,429,429,429,429,429,429,429,429,429,429,429,341,342,342,342,342,342,342,342,342,342,342,343,429,429,429,429,429,429,429,429,429,209,210,210,210,210,42,42,210,210,210,29,43,332,418,418,418,418,418,418,418,418,418,418,418,418,418,418,418,418,418,418,418,308,358,484,485,486,332,418,418,418,418,418,418,418,418,418,418,418,418,418,418,418,418,418,418,418,418,418,418,418,418,418,418,418,418,418,352,336,41,29,42,29,136,29,42,42,42,42,42,29,52,52,42,52,42,42,29,29,29,29,42,42,29,29,29,29,29,29,29
210,210,29,29,29,29,210,210,29,197,197,197,210,210,197,197,210,210,210,214,239,429,429,429,429,429,429,429,429,429,429,429,429,429,429,429,429,429,429,429,429,429,429,429,429,429,429,341,342,342,342,342,342,342,342,342,342,342,343,429,429,429,429,429,429,429,429,181,243,210,210,210,42,42,210,210,210,42,29,43,332,418,418,418,418,418,418,418,418,418,418,418,418,418,418,418,418,418,418,418,330,462,485,485,486,332,418,418,308,309,309,309,309,309,309,309,309,309,309,309,309,309,309,309,309,309,309,309,309,309,309,309,309,309,310,418,330,69,47,42,29,42,29,42,42,42,42,42,52,52,29,42,52,29,42,42,29,29,42,42,29,29,29,29,29,29,29,29
210,210,29,29,29,29,29,210,210,210,210,210,197,197,197,210,210,210,214,239,429,429,429,429,429,429,429,429,429,429,429,429,429,429,429,429,429,429,429,429,429,429,429,429,429,429,429,341,342,342,342,342,342,342,342,342,342,342,343,429,429,429,429,429,429,429,429,209,210,210,52,210,210,197,197,210,42,42,46,71,332,418,418,418,418,418,418,418,418,418,418,418,418,418,418,418,418,418,418,418,330,484,485,485,486,332,418,418,330,473,474,474,474,474,474,474,474,474,474,474,474,474,474,474,474,474,474,474,474,474,474,474,474,475,332,418,352,336,41,42,29,42,29,42,42,42,42,52,52,29,42,42,52,29,29,42,42,42,42,29,29,29,29,29,29,29,29,29
210,29,29,29,210,210,210,210,29,210,197,210,210,210,210,210,210,210,211,429,429,429,429,429,429,429,429,429,429,429,429,429,429,429,429,429,429,429,429,429,429,429,429,429,429,429,429,363,347,342,342,342,342,342,342,342,342,346,365,429,429,429,429,429,429,429,181,243,210,210,52,52,197,197,197,42,42,42,43,335,354,418,418,418,418,418,418,418,418,418,418,418,418,418,418,418,418,418,418,308,358,484,485,485,486,550,310,418,330,495,496,496,496,496,496,496,496,496,496,496,496,496,496,496,496,496,496,496,496,496,496,496,496,497,332,418,418,330,41,24,29,42,29,42,42,42,42,52,42,42,42,42,52,42,42,42,42,42,42,29,29,52,29,29,29,29,29,24
210,210,210,210,210,210,29,29,210,210,197,197,210,210,210,210,210,214,239,429,429,429,429,429,429,429,429,429,429,429,429,429,429,429,429,429,429,429,429,429,429,429,429,429,429,429,429,429,363,364,364,364,364,364,364,364,364,365,429,429,429,429,429,429,429,181,243,210,210,210,197,52,210,210,42,136,42,29,43,332,418,418,418,418,418,418,418,418,418,418,418,418,418,418,418,418,418,418,308,358,462,485,489,490,485,464,357,310,330,495,496,496,496,496,496,496,496,496,496,496,496,496,496,496,496,496,496,496,496,496,496,496,496,497,332,418,418,330,41,42,29,42,42,42,42,42,52,52,42,42,42,29,52,29,29,29,29,29,42,42,29,52,29,29,29,29,29,24
210,210,210,210,210,210,210,210,210,210,210,197,197,210,210,210,210,211,429,429,429,429,429,429,429,429,429,429,429,429,429,429,429,429,429,429,429,429,429,429,429,429,429,429,429,429,429,429,429,429,429,429,429,429,429,429,429,429,429,429,429,429,429,429,429,209,210,210,210,210,136,136,136,136,52,136,42,29,43,332,418,418,418,418,418,418,418,418,418,418,418,418,418,418,418,418,418,418,330,462,485,485,511,512,485,485,464,332,330,517,518,518,518,518,518,518,518,518,518,518,518,518,518,518,518,518,518,518,518,518,518,518,518,519,332,418,418,330,41,42,42,42,42,42,42,52,52,108,42,42,42,52,52,29,29,29,29,29,29,42,42,52,29,29,29,29,29,29
29,29,210,210,197,197,197,29,210,210,210,210,197,210,210,210,214,239,429,429,429,429,429,429,429,429,429,429,429,429,429,429,429,429,429,429,429,429,429,429,429,429,429,429,429,429,429,429,429,429,429,429,429,429,429,429,429,429,429,429,429,429,429,429,181,243,210,210,210,197,210,210,210,52,136,136,136,210,43,332,418,418,418,418,418,418,418,418,418,418,418,418,418,418,418,418,418,418,330,484,485,485,485,485,485,485,486,332,352,353,353,353,353,353,353,353,353,353,353,353,353,353,353,353,353,353,353,353,353,353,353,353,353,353,354,418,418,330,41,29,42,42,42,42,42,52,42,42,42,42,29,52,29,29,29,29,29,29,29,29,29,108,42,29,29,29,29,29
210,210,210,29,29,29,29,197,197,197,197,197,197,210,210,210,211,429,429,429,429,429,429,429,429,429,429,429,429,429,429,429,429,429,429,429,429,429,429,429,429,429,429,429,429,429,429,429,429,429,429,429,429,429,429,429,429,429,429,429,429,429,429,429,209,210,210,210,210,197,210,210,52,52,24,42,42,29,43,332,418,418,418,418,418,418,418,418,418,418,418,418,418,418,418,418,418,308,358,484,485,485,485,485,485,485,486,332,418,418,418,418,418,418,418,418,418,418,418,418,418,418,418,418,418,418,418,418,418,418,418,418,418,418,418,418,418,330,41,29,29,42,29,42,42,42,42,29,42,42,42,29,42,29,29,29,29,29,29,29,29,52,29,42,42,29,29,29
29,210,210,29,29,29,29,210,210,210,197,197,197,197,210,210,211,429,429,429,429,429,429,429,429,181,182,182,182,182,182,182,182,183,429,429,429,429,429,429,429,429,429,429,429,429,429,429,429,429,429,429,429,429,429,429,429,429,429,429,429,429,429,181,243,210,210,210,210,197,197,52,52,136,136,42,29,29,43,332,418,418,418,418,418,418,418,418,418,418,418,418,418,418,418,418,418,330,462,485,489,490,485,485,485,485,486,332,418,418,418,418,418,418,418,418,418,418,418,418,418,418,418,418,418,418,418,418,418,418,418,418,418,418,418,418,418,330,41,29,29,42,29,42,42,42,42,29,42,29,42,24,42,29,42,42,42,42,29,29,29,52,29,29,42,42,29,29
29,29,210,210,29,29,210,210,210,210,210,210,210,210,210,210,211,429,429,429,429,429,181,182,182,243,210,210,210,210,210,210,210,242,182,182,183,429,429,429,429,429,429,429,429,429,429,429,429,429,429,429,429,429,429,429,429,429,429,429,429,429,181,243,210,210,210,210,210,197,52,52,52,52,42,197,42,29,43,332,418,418,418,418,418,418,418,418,418,418,418,418,418,418,418,418,418,330,484,485,511,512,485,489,490,485,486,332,418,418,418,418,418,418,418,418,418,418,418,418,418,418,418,418,418,418,418,418,418,418,418,418,418,418,418,418,418,330,41,29,29,42,29,42,42,42,42,42,42,42,42,42,29,29,29,29,29,42,42,42,42,52,42,42,29,29,29,29
29,29,29,210,210,210,210,210,197,210,210,210,210,210,210,214,239,429,429,429,429,181,243,210,210,210,210,210,210,210,210,210,210,210,210,210,242,183,429,429,429,429,429,429,429,429,429,429,429,429,429,429,429,429,429,429,429,429,429,429,429,429,209,210,210,210,210,210,210,52,52,42,52,42,42,42,42,210,43,332,418,418,418,418,418,418,418,418,418,418,418,418,418,418,418,418,308,358,484,485,485,485,485,511,512,485,486,332,418,418,418,418,418,418,418,418,418,418,418,418,418,418,418,418,418,418,418,418,418,418,418,418,418,418,418,418,418,330,41,29,29,42,29,42,42,42,42,42,42,42,29,42,42,29,29,29,29,29,29,29,29,52,29,29,29,29,42,29
29,29,29,29,210,210,210,197,197,210,210,210,210,210,210,211,429,429,429,429,429,209,210,210,210,210,210,210,210,210,210,210,210,210,210,210,210,211,429,429,429,429,429,429,429,429,429,429,429,429,429,429,429,429,429,429,429,429,429,429,429,181,243,210,210,210,210,197,52,52,197,197,210,108,197,210,210,42,43,332,418,418,418,418,418,418,418,418,418,418,418,418,418,418,418,308,358,462,512,485,485,485,485,485,485,485,486,332,418,418,418,418,418,418,418,418,418,418,418,418,418,418,418,418,418,418,418,418,418,418,418,418,418,418,418,418,418,330,41,29,136,136,136,136,136,42,42,42,42,29,29,29,42,42,42,29,29,29,29,29,29,52,29,29,29,29,42,29
29,29,29,210,210,29,210,210,210,197,210,210,210,210,210,211,429,429,429,429,429,209,210,210,210,210,210,210,210,210,210,210,210,210,210,210,210,211,429,429,429,429,429,429,319,320,320,320,320,320,320,320,320,321,429,429,429,429,429,429,429,209,210,210,210,210,52,52,210,197,210,197,210,210,197,210,136,136,43,332,418,418,418,418,418,418,418,418,418,418,418,418,418,308,309,358,462,485,485,485,485,485,485,485,485,485,486,332,418,418,418,418,418,418,418,418,418,418,418,418,418,418,418,418,418,418,418,418,418,418,418,418,418,418,418,418,418,330,41,29,136,42,29,42,42,42,42,42,29,29,29,29,29,29,42,42,42,42,29,29,29,52,29,29,42,42,42,29
29,29,210,210,29,29,197,197,197,197,210,210,210,210,210,211,429,429,429,429,181,243,210,210,210,210,210,210,210,210,210,210,210,210,210,210,210,242,183,429,429,429,319,320,369,342,342,342,342,342,342,342,342,368,320,320,321,429,429,429,429,209,210,210,210,197,197,197,210,197,210,42,42,42,136,136,136,42,43,332,418,418,418,418,418,418,418,418,418,418,418,308,309,358,462,463,512,485,489,490,485,485,485,489,490,485,486,332,418,418,418,418,418,418,418,418,418,418,418,418,418,418,418,418,418,418,418,418,418,418,418,418,418,418,418,418,418,330,41,29,42,42,29,42,42,52,52,42,29,29,29,29,29,29,108,29,29,42,42,42,42,52,42,42,42,29,29,29
210,210,210,29,29,29,197,210,210,210,210,197,210,210,210,211,429,429,429,429,209,210,210,210,210,210,210,210,210,210,210,210,210,210,210,210,210,210,211,429,429,429,341,342,342,342,342,342,342,342,342,342,342,342,342,342,368,321,429,429,429,237,215,210,210,197,210,197,197,42,42,42,42,136,136,210,210,210,43,332,418,418,418,418,418,418,418,418,418,418,308,358,462,463,512,489,490,485,511,512,485,485,485,511,512,489,508,332,418,418,418,418,418,418,418,418,418,418,418,418,418,418,418,418,418,418,418,418,418,418,418,418,418,418,418,418,418,330,41,29,42,42,29,42,42,42,52,52,29,29,42,42,42,42,42,42,42,42,42,42,42,52,52,42,42,42,42,42
210,29,29,29,29,210,210,210,210,197,197,197,210,210,210,211,429,429,429,181,243,210,210,210,214,238,215,210,210,210,210,210,214,238,215,210,210,210,242,183,429,319,369,342,342,342,342,342,342,342,342,342,342,342,342,342,342,368,321,429,429,429,209,210,210,197,210,210,210,42,42,197,210,210,210,210,29,42,43,332,418,418,418,418,418,418,418,418,308,309,358,462,512,485,485,511,512,485,485,489,490,485,485,485,485,486,335,354,418,418,418,418,418,418,418,418,418,418,418,418,418,418,418,418,418,418,418,418,418,418,418,418,418,418,418,418,418,330,41,29,42,42,42,42,42,42,42,52,52,42,42,29,29,29,29,29,42,29,29,29,29,29,52,29,29,29,29,29
29,29,29,29,29,210,29,210,197,197,210,197,210,210,210,211,429,429,429,209,210,210,210,214,239,429,209,210,210,210,210,210,211,429,237,215,210,210,210,211,429,341,342,342,342,342,342,342,342,342,342,342,342,342,342,342,342,342,368,321,429,429,209,210,210,210,210,210,210,197,210,210,42,42,210,29,42,42,43,332,418,418,418,418,418,418,418,308,358,462,463,512,485,485,485,485,485,485,485,511,512,485,485,485,489,508,332,418,418,418,418,418,418,336,338,418,418,418,418,418,418,13,14,14,14,14,15,418,418,418,418,418,418,418,418,418,418,330,41,29,42,42,42,42,24,42,42,42,52,52,52,29,29,29,29,42,42,29,29,29,29,29,29,29,136,29,29,29
29,29,29,29,210,210,29,197,197,210,197,197,210,210,210,211,429,429,429,209,210,210,210,211,429,181,243,210,210,210,210,210,242,183,429,237,215,210,210,211,429,341,342,342,342,342,342,342,342,342,342,342,342,342,342,342,342,342,342,343,429,429,209,210,210,210,52,197,210,197,42,42,42,197,210,29,42,42,43,332,418,418,418,418,418,418,308,358,462,512,485,485,485,485,485,485,485,485,485,485,485,485,485,485,508,335,354,418,418,418,418,418,418,364,366,418,13,14,14,14,14,75,42,42,42,42,74,14,15,418,418,418,418,418,418,418,418,330,41,29,42,42,42,52,52,42,42,42,42,29,52,52,29,29,29,42,29,29,29,29,29,29,29,29,136,29,29,29
29,29,29,29,210,29,29,197,210,210,197,210,210,210,210,211,429,429,429,209,210,210,210,242,182,243,210,210,210,210,210,210,210,242,183,181,243,210,210,211,429,341,342,342,342,342,342,342,342,342,342,342,342,342,342,342,342,342,342,368,321,429,209,210,210,210,52,52,197,197,210,210,197,42,42,210,29,42,43,357,309,309,309,309,309,309,358,462,512,485,489,490,485,489,490,485,485,489,490,485,485,489,507,508,335,354,418,418,418,418,418,418,418,364,366,14,75,42,42,42,42,42,42,42,42,42,42,42,43,418,418,418,418,418,418,418,308,358,41,29,42,42,42,42,52,42,42,29,42,42,29,52,52,52,52,52,42,29,29,29,29,29,29,136,136,29,29,29
29,29,29,210,210,29,197,197,210,197,197,197,210,210,210,211,429,429,429,209,210,210,210,210,210,210,210,210,210,214,215,210,210,210,242,243,210,210,210,211,319,369,342,342,342,342,342,342,342,342,342,342,342,342,342,342,342,342,342,342,336,429,337,210,210,210,210,210,337,337,210,210,210,337,337,337,210,337,210,337,485,485,485,338,463,463,463,512,485,485,511,512,485,511,512,485,485,511,512,485,485,486,335,353,354,418,418,418,418,418,13,14,14,364,366,42,42,42,42,42,42,136,136,136,136,136,42,42,43,418,418,418,418,418,418,418,330,13,75,42,42,42,42,42,52,52,42,29,29,42,42,29,29,29,42,108,42,29,29,29,29,29,136,136,29,29,29,29
29,29,210,210,29,210,210,197,197,197,210,197,197,210,210,242,183,429,429,209,210,210,210,210,210,210,210,210,210,211,209,210,210,210,210,210,210,210,210,211,341,342,342,342,342,342,342,342,342,342,342,342,342,342,342,342,342,342,342,342,364,342,451,451,451,451,210,210,210,210,451,210,210,451,210,451,451,210,451,451,451,451,485,366,485,485,485,485,489,490,485,485,485,485,485,485,485,485,489,507,507,508,332,418,418,418,418,418,13,14,75,42,42,364,366,42,42,42,52,52,52,42,42,42,42,136,80,29,43,418,418,418,418,418,418,308,358,41,42,42,42,42,42,108,42,52,42,42,29,29,42,42,42,42,29,42,42,42,42,29,29,29,24,29,29,29,29,29
29,210,210,29,210,210,29,197,210,210,210,210,210,210,210,210,211,429,429,237,215,210,210,210,210,210,210,210,210,242,243,210,210,210,210,210,210,210,214,239,341,342,342,342,342,342,342,342,342,342,342,342,342,342,342,342,342,342,342,342,342,342,429,451,451,451,451,451,451,210,451,451,451,451,451,451,451,210,210,451,485,451,451,366,485,485,485,485,511,512,485,485,485,485,489,507,507,507,508,335,353,353,354,418,418,13,14,14,75,42,42,42,42,364,366,42,42,42,52,52,80,42,42,108,42,136,29,29,43,418,418,418,418,418,418,330,13,75,42,42,42,29,29,42,52,52,52,52,29,29,29,29,42,42,42,42,42,29,29,29,29,29,29,29,29,29,29,29
210,210,210,210,210,29,210,197,210,210,210,210,210,197,197,210,211,429,429,429,237,215,210,210,210,210,210,210,210,210,210,210,210,210,210,210,210,214,239,429,341,342,342,342,342,342,342,342,342,342,342,342,342,342,342,342,342,342,342,342,342,429,429,342,209,448,393,393,393,393,393,393,210,210,210,393,393,393,393,393,393,393,393,394,507,507,507,507,507,507,507,507,507,507,508,335,353,353,353,354,418,418,418,13,14,75,42,42,42,42,42,42,42,364,366,42,42,42,42,52,52,80,42,42,42,42,29,42,43,418,418,418,418,418,308,358,41,42,29,42,42,29,42,42,42,42,52,42,52,52,29,29,42,42,42,29,29,29,29,29,29,29,29,29,29,29,29,29
210,210,210,29,29,210,210,197,197,210,210,210,197,197,210,210,211,429,429,429,429,237,238,215,210,214,215,210,210,214,215,210,214,215,210,214,238,239,429,429,341,342,342,342,342,342,342,342,342,342,342,342,342,342,342,342,342,342,342,342,343,429,429,429,209,210,210,210,210,197,197,42,42,210,197,210,52,52,42,42,43,335,353,353,353,353,353,353,353,353,353,353,353,353,353,354,418,418,418,418,418,418,13,75,42,42,42,42,42,136,80,29,42,392,394,42,42,108,42,42,42,80,29,42,29,29,29,42,43,418,418,418,418,418,330,13,75,42,42,42,42,42,42,42,42,29,52,52,42,52,52,52,42,29,29,29,29,29,29,136,29,29,29,29,29,29,29,29
210,29,29,29,29,210,29,29,197,197,197,197,197,210,210,210,242,183,429,429,429,429,429,209,210,211,209,210,210,211,209,210,211,209,210,211,429,429,429,429,341,342,342,342,342,342,342,342,342,342,342,342,342,342,342,342,342,342,342,346,365,429,429,429,209,210,210,210,210,210,210,197,197,210,210,210,29,52,42,42,43,332,418,418,418,418,418,418,418,418,418,418,418,418,418,418,418,418,13,14,14,14,136,136,136,136,42,42,136,136,80,29,80,197,197,42,42,42,42,80,80,80,29,80,80,42,80,42,43,418,418,418,418,308,358,41,42,42,42,42,42,42,42,42,42,29,42,52,52,29,29,52,52,52,29,29,29,29,29,29,136,136,136,29,29,29,29,29
29,29,29,29,210,29,29,29,210,210,210,197,210,210,210,210,210,211,429,429,429,429,429,209,210,242,243,210,210,242,243,210,242,243,210,211,429,429,429,429,341,342,342,342,342,342,342,342,342,342,342,342,342,342,342,342,342,342,342,343,429,429,429,429,209,210,210,210,210,210,210,210,197,197,210,210,29,52,42,42,43,332,418,418,418,418,418,418,418,418,418,418,418,418,13,14,14,14,75,42,42,136,136,42,42,42,42,42,136,80,42,29,29,42,42,42,42,42,80,80,42,42,42,42,80,80,80,46,71,418,418,418,308,358,13,75,29,42,42,42,29,42,42,42,29,29,29,42,52,29,29,29,42,52,52,52,29,29,42,42,29,29,136,136,29,29,29,29
29,29,29,210,210,29,210,210,210,29,210,210,197,210,210,210,210,242,183,429,429,429,429,237,215,210,210,210,210,210,210,210,210,210,214,239,429,429,429,429,363,347,342,342,342,342,342,342,342,342,342,342,342,342,342,342,342,342,342,343,429,429,429,429,237,215,210,210,210,210,210,52,52,210,210,210,29,52,42,136,43,332,418,418,418,418,418,418,418,418,418,13,14,14,75,42,42,42,42,42,42,42,42,42,108,42,42,42,136,42,42,29,29,29,42,42,136,136,80,42,42,108,42,136,42,42,46,71,418,418,418,308,358,13,75,29,42,42,42,29,42,42,42,42,29,29,29,29,52,29,29,108,29,29,29,52,52,42,42,29,29,29,29,136,136,136,29,29
210,29,210,210,210,210,210,210,29,210,210,210,197,197,210,210,210,210,211,429,429,429,429,429,237,238,238,238,238,238,238,238,238,238,239,429,429,429,429,429,429,341,342,342,342,342,342,342,342,342,342,342,342,342,342,342,342,342,342,343,429,429,429,429,429,209,210,210,52,52,52,52,210,42,210,108,210,52,29,136,43,357,310,418,418,418,418,418,418,13,14,75,42,42,42,42,42,42,42,80,42,80,42,42,42,42,42,42,42,108,42,80,80,42,80,80,80,42,29,42,42,42,42,136,42,46,71,418,418,418,308,358,13,75,29,42,42,42,29,29,42,42,42,29,29,29,29,29,42,42,29,29,29,29,29,42,42,52,52,52,42,42,42,42,42,136,29,29
210,210,210,210,210,29,29,210,29,210,210,210,210,197,197,210,210,210,242,183,429,429,429,429,429,429,429,429,429,429,429,429,429,429,429,429,429,429,429,429,429,341,342,342,342,342,342,342,342,342,342,342,342,342,342,342,342,342,342,343,429,429,429,429,429,209,210,210,52,210,42,42,42,42,210,210,210,210,42,136,74,15,332,418,418,418,418,418,418,41,42,42,42,42,42,42,108,42,29,136,80,80,42,42,42,42,42,42,42,42,42,42,80,80,80,80,29,42,29,42,42,42,136,136,46,71,418,418,418,308,358,13,75,42,42,42,52,42,42,42,42,42,42,29,29,29,29,29,29,42,42,29,29,29,42,42,42,29,29,29,29,29,29,29,29,29,29,29
29,29,210,29,29,29,210,210,210,210,210,210,210,210,197,210,210,210,210,242,183,429,429,429,429,429,429,429,429,429,429,429,429,429,429,429,429,429,429,429,429,341,342,342,342,342,342,342,342,342,342,342,342,342,342,342,342,342,342,343,429,429,429,429,429,209,210,210,42,42,210,210,42,42,210,210,210,210,42,136,136,43,357,310,418,418,418,418,418,41,42,29,42,136,136,42,42,29,29,136,80,42,42,29,29,29,29,80,42,42,42,136,136,136,136,80,29,29,29,42,42,42,46,70,71,418,418,308,309,358,13,75,42,42,42,42,52,136,24,136,136,136,136,136,136,42,29,42,42,29,42,29,29,29,42,42,29,29,29,24,29,29,29,29,29,29,29,29
29,29,210,210,210,29,210,210,210,210,29,210,210,210,197,197,210,210,210,210,211,429,429,429,429,429,429,429,429,429,429,429,429,429,429,429,429,429,429,429,429,363,347,342,342,342,342,342,342,342,342,342,342,342,342,342,342,342,346,365,429,429,429,429,429,209,210,210,197,197,210,210,197,197,210,210,29,52,42,42,29,74,15,332,418,418,418,418,418,41,42,29,42,136,80,80,80,29,42,136,42,42,197,197,42,29,80,42,42,42,136,136,52,80,42,42,29,29,42,42,46,70,71,418,418,418,308,358,13,14,75,42,42,42,29,42,42,52,52,42,42,42,42,29,42,42,42,42,42,42,42,42,42,42,42,29,29,29,29,29,29,29,29,29,29,29,29,29
29,29,210,210,29,210,210,210,210,29,29,210,210,210,210,197,197,210,210,210,242,183,429,429,429,429,429,429,429,429,429,429,429,429,429,429,429,429,429,429,429,429,341,342,342,342,342,342,342,342,342,342,342,342,342,342,342,342,343,429,429,429,429,429,429,209,210,210,210,197,197,197,197,210,52,210,29,52,210,42,29,42,43,357,310,418,418,418,418,41,42,29,80,136,52,52,80,42,42,136,42,42,42,42,42,29,80,42,42,52,52,52,52,42,42,42,42,42,46,70,71,418,418,418,308,309,358,13,75,29,29,29,42,42,42,42,42,42,52,42,42,42,42,42,42,29,42,42,42,42,42,29,42,42,42,29,29,42,136,29,29,29,29,29,29,29,29,29
29,29,29,210,210,210,210,29,29,29,29,29,210,210,210,210,197,210,210,210,210,242,183,429,429,429,429,429,429,429,429,429,429,429,429,429,429,429,429,429,429,429,363,347,342,342,342,342,342,342,342,342,342,342,342,342,342,342,343,429,429,429,429,429,429,209,210,210,210,52,52,52,52,52,52,197,197,52,197,29,29,24,74,15,357,310,418,418,418,69,47,29,29,136,52,80,42,42,42,136,136,42,42,80,80,80,42,108,52,52,42,42,42,42,42,46,70,70,71,418,418,418,308,309,358,13,14,75,29,29,42,42,42,42,42,42,42,42,52,52,42,42,42,42,42,52,52,52,29,42,42,42,42,42,42,42,136,136,136,29,29,29,29,29,29,29,29,29
210,210,210,210,210,210,29,29,29,29,29,29,197,197,197,197,210,210,210,210,210,210,242,183,429,429,429,429,429,429,429,429,429,429,429,429,429,429,429,429,429,429,429,363,364,347,342,342,342,342,342,342,342,342,342,342,342,342,343,429,429,429,429,429,429,209,210,210,210,210,210,210,197,42,42,42,108,52,29,210,29,29,29,74,15,332,418,418,418,418,41,42,29,29,42,42,108,42,42,42,42,80,80,29,29,42,42,42,42,42,42,46,70,70,70,71,418,418,418,418,418,308,358,13,14,75,29,29,29,42,42,136,42,42,42,42,42,52,52,52,52,52,52,52,52,108,29,29,29,29,29,42,42,29,136,136,136,42,42,29,29,29,29,29,108,29,29,29
210,29,29,210,210,29,29,29,29,29,210,210,210,210,210,210,210,210,210,210,210,210,210,242,183,429,429,429,429,429,429,429,429,429,429,429,429,429,429,429,429,429,429,429,429,363,347,342,342,342,342,342,342,342,342,342,342,346,365,429,429,429,429,429,181,243,210,210,210,210,210,42,42,210,210,210,52,42,42,210,210,29,29,29,43,357,310,418,418,418,69,47,42,29,42,42,42,42,42,42,42,80,80,80,42,46,70,70,70,70,70,71,418,418,418,418,418,418,308,309,309,358,13,75,29,29,136,136,136,136,136,136,42,42,42,42,42,42,42,52,29,29,29,29,29,29,29,29,29,29,29,29,42,42,136,29,29,29,42,29,29,29,29,29,29,29,29,29
29,29,210,210,210,29,29,29,29,210,210,29,29,210,210,210,210,210,197,210,210,210,210,210,242,183,429,429,429,429,429,429,429,429,429,429,429,429,429,429,429,429,429,429,429,429,363,364,364,364,364,347,342,342,342,342,346,365,429,429,429,429,429,429,209,210,29,210,210,210,42,42,210,210,210,197,52,29,42,42,210,210,29,29,74,15,357,310,418,418,418,69,70,70,70,70,70,70,70,70,70,70,70,70,70,71,418,418,418,418,418,418,418,418,418,418,308,309,358,13,14,14,75,29,42,42,42,42,42,42,42,42,42,42,42,42,42,42,42,52,42,29,29,29,29,29,29,29,24,29,29,29,29,42,42,29,29,52,52,52,29,29,29,29,29,29,29,29
29,210,210,210,29,29,29,210,210,210,29,210,210,210,210,210,210,210,197,197,210,210,210,210,210,242,182,183,429,429,429,429,429,429,429,429,429,429,429,429,429,429,429,429,429,429,429,429,429,429,429,363,364,364,364,364,365,429,429,429,429,429,429,429,209,210,210,197,197,42,42,210,210,210,197,197,52,210,29,29,42,42,29,210,29,74,15,357,309,310,418,418,418,418,418,418,418,418,418,418,418,418,418,418,418,418,418,418,418,418,308,309,309,309,309,309,358,13,14,75,29,29,42,52,52,42,29,29,42,42,52,108,42,42,29,29,29,29,29,52,42,42,42,42,42,42,42,42,29,29,42,42,42,42,42,29,29,29,29,52,52,52,52,29,29,29,29,29
29,29,29,29,29,29,210,210,29,29,210,210,197,197,197,197,210,210,197,197,210,210,210,210,210,210,210,242,182,183,429,429,429,429,429,429,429,429,429,429,429,429,429,429,429,429,429,429,429,429,429,429,429,429,429,429,429,429,429,429,429,429,429,181,243,210,42,42,42,42,210,210,210,197,197,24,29,210,210,42,108,210,210,210,210,29,74,14,15,357,309,310,418,418,418,418,418,418,418,418,418,418,418,308,309,309,309,309,309,309,358,13,14,14,14,14,14,75,29,29,29,29,42,52,42,42,42,42,42,42,52,42,29,42,42,42,42,29,29,52,42,42,29,29,29,29,29,42,42,42,42,29,29,29,29,42,42,29,29,29,29,29,52,52,29,29,29,29
29,29,29,29,29,29,29,29,29,210,210,29,29,210,210,29,210,210,210,210,210,210,210,197,197,197,210,210,210,242,182,182,183,429,429,429,429,429,429,429,429,429,429,429,429,429,429,429,429,429,429,429,429,429,429,429,429,429,429,429,429,429,181,243,210,210,210,210,210,42,42,197,197,197,210,210,29,42,42,42,29,210,210,210,210,29,29,42,74,14,15,357,309,309,309,309,309,309,309,309,309,309,309,358,13,14,14,14,14,14,14,75,29,29,29,29,108,29,42,42,42,42,42,52,42,42,42,42,42,42,52,42,29,29,29,29,42,42,42,42,42,42,42,42,42,42,42,29,29,29,29,29,29,29,108,29,42,42,29,29,29,29,42,42,29,29,29,29
29,29,29,29,29,29,29,210,210,210,29,29,210,210,29,29,210,210,210,210,197,197,197,197,210,210,210,210,210,210,210,210,242,182,182,182,182,182,183,429,429,429,429,429,429,429,429,429,429,429,429,429,429,429,429,429,429,429,429,429,429,181,243,210,42,210,210,210,210,197,42,42,42,42,42,42,42,42,42,210,210,210,210,210,210,29,52,24,52,42,74,14,14,14,14,14,14,14,14,14,14,14,14,14,75,29,29,29,29,29,29,29,42,42,52,52,52,52,52,42,42,42,42,52,42,42,42,42,24,29,52,42,42,42,42,42,42,42,42,42,42,29,29,29,29,29,29,29,29,29,29,29,29,29,29,29,29,42,42,42,42,42,42,29,29,29,29,29
29,29,29,29,210,210,210,210,29,29,210,210,210,29,29,29,210,29,197,197,197,210,210,210,210,210,210,210,210,210,210,210,210,210,210,210,210,210,242,182,182,182,182,182,182,182,182,182,182,182,182,182,182,182,182,182,182,182,182,182,182,243,210,210,42,42,210,210,210,210,197,197,29,42,42,42,42,29,29,210,210,210,210,29,29,52,52,42,42,42,108,42,42,52,52,52,52,52,52,52,108,42,42,42,42,42,42,42,42,24,42,42,42,52,52,42,42,42,29,42,42,29,42,52,42,42,29,29,29,29,52,29,29,29,29,29,29,29,29,29,29,29,29,29,29,29,29,29,29,29,29,29,29,29,29,29,29,29,29,29,29,29,29,29,29,29,29,29
